token,web_url,title,posted_time_text,location,mileage_text_raw,mileage_km,year_text,color,brand_model_text,gearbox,fuel_type,base_price_text_raw,base_price_toman,engine_condition,chassis_front_condition,chassis_rear_condition,body_condition,gearbox_condition,description,scraped_at
gaBKlUnS,https://divar.ir/v/gaBKlUnS,ساینا تک /دوگانه ۱۴۰۵ تحویل فوری,۳ هفته پیش در تهران، صادقیه، خ بیست و یکم شرقی,tehran، sadeghiyeh,۰,0,۱۴۰۵ - ۲۰۲۶,سفید,ساینا دنده‌ای S,دنده‌ای,بنزین,"‏۱,۰۵۰,۰۰۰,۰۰۰ تومان",1050000000,سالم,سالم و پلمپ,سالم و پلمپ,سالم و بی‌خط و خش,سالم و پلمپ,"✨هلدینگ میشا صنعت خودرو✨
فروش انواع خودروهای ایرانی و خارجی

✅️ عضو رسمی اتحادیه 
✅️ کد ثبتی : 616686
✅️ با بیش از ۱۷ سال سابقه
——————————————— 
 تحویل فوری
 ۲۴ساعت مهلت کارشناسی
 تسویه بعداز رویت و کارشناسی خودرو
 سند آزاد
 ٪۷۰ تخفیف بیمه بدنه
 امکان فروش به تمامی شرکت ها و ارگان های دولتی
 امکان فروش خودرو با دلار همه ارزهاو طلا به قیمت روز
 امکان معاوضه خودرو کارکرده با صفر 
———————————————
جهت  کسب اطلاعات بیشتر با کارشناسان ما در ارتباط باشید .

  کارشناس شما خانم محمدی",2026-09-09T20:53:47.634061
gaDavOge,https://divar.ir/v/gaDavOge,ساینا صفر تحویل فوری,۳ هفته پیش در تهران، اباذر، خ سازمان آب,tehran، aboozar,۰,0,۱۴۰۵ - ۲۰۲۶,سفید,ساینا دنده‌ای S,دنده‌ای,بنزین,"‏۱,۲۰۰,۰۰۰,۰۰۰ تومان",1200000000,سالم,سالم و پلمپ,سالم و پلمپ,سالم و بی‌خط و خش,سالم و پلمپ,"نمایندگی صنعت خودرو ساعی با افتخار آماده ارائه خدمات فروش انواع خودرو با بهترین شرایط به مشتریان گرامی است
عضو رسمی اتحادیه صنف خودرو 
   ✅۳۰۷۸۱۸✅

رویای داشتن خودرویی مطمئن، باکیفیت و اقتصادی را با صنعت خودرو ساعی به واقعیت تبدیل کنید

نمایندگی فروش تمامی محصولات 

سایپا / پارس خودرو/ ایرانخودرو / کرمان خودرو / مدیران خودرو / بهمن خودرو و تمامیه (خودروهای مونتاژ)

☑️امکان خرید به صورت نقد و اقساط
☑️تحویل خودرو ۱ ساعته 
☑️امکان کارشناسی خودرو قبل از تسویه مبلغ 
☑️امکان نصب تمامی آپشن ها با گارانتی شرکتی
☑️تمامی خودروها دارای ۱ سال بیمه شخص ثالث و ۷۰٪ تخفیف بیمه بدنه میباشد

❌تخفیف ویژه پای معامله❌

☑️تنوع رنگ در تمامی خودروها
☑️سند آزاد، هزینه ی انتقال سند به عهده نمایندگی میباشد
☑️خرید خودرو خود را در صنعت خودرو ساعی بدون واسطه انجام دهید


کارشناس فروش جهت راهنمایی
‍♀️خانم هرمزی",2026-09-09T20:53:57.423520
gace2mOR,https://divar.ir/v/gace2mOR,ساینا اس ۵,۳ روز پیش در تهران، دبستان، خ شبنم,tehran، dabestan,۲۰۰۰,2000,۱۴۰۳ - ۲۰۲۴,سفید,ساینا دنده‌ای S,دنده‌ای,بنزین,"‏۱,۲۸۰,۰۰۰,۰۰۰ تومان",1280000000,سالم,سالم و پلمپ,سالم و پلمپ,سالم و بی‌خط و خش,سالم و پلمپ,ساینا در حد نو,2026-09-09T20:54:05.327328
gaRK6VS7,https://divar.ir/v/gaRK6VS7,ساینا s  خشک 1404,هفته پیش در تهران، آذری، خ قدرت پاکی,tehran، azari,۰,0,۱۴۰۴ - ۲۰۲۵,سفید,ساینا دنده‌ای S,دنده‌ای,بنزین,"‏۱,۳۰۰,۰۰۰,۰۰۰ تومان",1300000000,سالم,سالم و پلمپ,سالم و پلمپ,سالم و بی‌خط و خش,سالم و پلمپ,تحویل برج 10 ، از موقع تحویل تو پارکینگ بوده ، و چون  سر 6 ماه نبردم سرویس از گارانتی خارج شده,2026-09-09T20:54:48.331474
gaGK78HT,https://divar.ir/v/gaGK78HT,ساینا sصفر کیلومتر تحویل روز,۲ هفته پیش در تهران، صادقیه، خ ستارخان,tehran، sadeghiyeh,۰,0,۱۴۰۵ - ۲۰۲۶,سفید,ساینا دنده‌ای S,دنده‌ای,بنزین,"‏۹۴۰,۰۰۰,۰۰۰ تومان",940000000,سالم,سالم و پلمپ,سالم و پلمپ,سالم و بی‌خط و خش,سالم و پلمپ,"⚜️نمایندگی صنعت خودرو جباری⚜️

⚜️⚜️کارشناس فروش: سرکارخانم یکتا⚜️⚜️

✅️عضو رسمی اتحادیه خودرو فروشان غرب
✅️عضو رسمی اتاق اصناف تهران
✅️عضو رسمی انجمن صفر فروشان خودرو تهران

<<<<<<<<<<<>>>>>>>>>>

✅️نمایندگی فروش محصولات ایرانخودرو/سایپا/مدیرانخودرو/کرمان موتور/بهمن موتور

‼️با۲۵سال سابقه درخشان در زمینه فروش خودرو

⭕️تحویل خودرویکساعته ازپارکینگ نمایندگی 
⭕️تسویه بعد از رویت خودرو و کارشناسی
⭕️سند تمامیه خودروها آزاد و قابل استعلام 
⭕️تنوع رنگها درتمامیه خودروها
خودرو با بیمه و گارانتی 

⭕️۷۰درصد تخفیف بیمه بدنه
⭕️۲۴ساعت حق کارشناسی

✅امکان نصب کلیه آپشنهای اپکویی با گارانتی دوساله

✅امکان عقد قرارداد با کلیه ارگانها وشرکتهای دولتی و خصوصی به صورت تک و تعداد با نازلترین قیمتها

✅️تخفیف پای معامله 
✅️خرید بدون واسطه

✅امکان معاوضه با خودرو کارکرده
✅امکان معاوضه باطلا.دلاروتتر

✨️به دلیل نوسان بازارخودرو جهت استعلام
 قیمت فقط تماس بگیرید درصورت مشغول بودن یاپایان ساعت کاری باارسال پیامک پاسخ سوالات خود را خواهید گرفت قبلا ازصبوریه شما سپاسگزارم 
☘️کارشناس فروش شما: خانم یکتا",2026-09-09T20:54:58.178599
gahGooLG,https://divar.ir/v/gahGooLG,ساینا مدل ۹۸,۱ ساعت پیش در تهران، نیروی هوایی (پیروزی)، میدان دوم نیروی هوایی,tehran، niroo-havayi,۱۲۵۰۰۰,125000,۱۳۹۸ - ۲۰۱۹,سفید,ساینا دنده‌ای EX,,بنزین,"‏۹۰۰,۰۰۰,۰۰۰ تومان",900000000,تعیین‌نشده,تعیین‌نشده,تعیین‌نشده,سالم و بی‌خط و خش,,بدون رنگ سند تک برگ خونگی,2026-09-09T20:55:51.897777
gahG4V5B,https://divar.ir/v/gahG4V5B,ساینا S  سفید,۱ ساعت پیش در تهران، نارمک جنوبی,tehran، south-narmak,۹۷۰۰۰,97000,۱۴۰۰ - ۲۰۲۱,سفید,ساینا دنده‌ای S,دنده‌ای,بنزین,"‏۱,۲۰۰,۰۰۰,۰۰۰ تومان",1200000000,سالم,سالم و پلمپ,سالم و پلمپ,سالم و بی‌خط و خش,سالم و پلمپ,"97000 تا کار
مدل، بهمن 1400
فنی سالم، به کل اخیرا سرویس شده
چهار حلقه لاستیک نو
شاسی پلمپ
بدون رنگ
رکاب بتونه شده",2026-09-09T20:55:59.417848
gah-nPLS,https://divar.ir/v/gah-nPLS,ساینا 97 تصادفی,۱ ساعت پیش در تهران، نعمت‌آباد,tehran، nemat-abad,۱۷۰۰۰۰,170000,۱۳۹۷ - ۲۰۱۸,نوک‌مدادی,ساینا دنده‌ای EX,,بنزین,"‏۵۴۰,۰۰۰,۰۰۰ تومان",540000000,تعیین‌نشده,تعیین‌نشده,تعیین‌نشده,تصادفی,سالم و پلمپ,"ساینا 97
ماشین روشن
کولر روشن
داخل کابین سالم ، ایربگ باز نشده سالم
نیازی به تحویل داغی به بیمه نیست مطابق لوازم عکس بفروش میرسد
فقط نقد",2026-09-09T20:57:21.892007
gahunvGL,https://divar.ir/v/gahunvGL,ساینامدل1400,۱ ساعت پیش در تهران، جوادیه تهرانپارس، خ شریعتی,tehran، javadiyeh-tehran-pars,۱۰۰۰۰۰,100000,۱۴۰۰ - ۲۰۲۱,طوسی,ساینا دنده‌ای EX,دنده‌ای,بنزین,"‏۱,۰۲۸,۰۰۰,۰۰۰ تومان",1028000000,سالم,سالم و پلمپ,سالم و پلمپ,سالم و بی‌خط و خش,سالم و پلمپ,"ساینامدل1400
در حدصفر
بدون رنگ
لاستیک ها90درصد
سند تک برگ
کارکرد واقعی
بدون ایراد فنی و ظاهری",2026-09-09T20:57:31.126504
gahmH2MG,https://divar.ir/v/gahmH2MG,ساینا دوگانه شرکتی,۲ ساعت پیش در تهران، ابوذر، خ فاطمی,tehran، abouzar,۰,0,۱۴۰۵ - ۲۰۲۶,سفید,ساینا GXL دوگانه سوز,دنده‌ای,دوگانه‌سوز شرکتی,"‏۱,۶۲۰,۰۰۰,۰۰۰ تومان",1620000000,سالم,سالم و پلمپ,سالم و پلمپ,سالم و بی‌خط و خش,سالم و پلمپ,"سلام
ماشین صفر کیلومتر 
✓مدل gx
✓دارای استاندارد 85گانه
SBR✓
✓دارای ضبط و باند
✓گارانتی فعال  
فقط از نمایندگی تا پارکینگ اومده .
مدارک آماده انتقال 
✓✓فروش فوری 
پول لازم",2026-09-09T20:58:25.375476
gahOF2RP,https://divar.ir/v/gahOF2RP,ساینا s مدل ۱۴۰۲,۲ ساعت پیش در تهران، نارمک، بلوار سردار نیلفروشان,tehran، narmak,۵۴۰۰۰,54000,۱۴۰۲ - ۲۰۲۳,سفید,ساینا دنده‌ای S,دنده‌ای,بنزین,"‏۶۰۰,۰۰۰,۰۰۰ تومان",600000000,سالم,سالم و پلمپ,سالم و پلمپ,سالم و بی‌خط و خش,سالم و پلمپ,"ساینا s مدل ۱۴۰۲ | ۵۴ هزار کارکرد

ساینا  ۱۴۰۲ با کارکرد ۵۴ هزار کیلومتر؛ آماده تحویل با شرایط اقساطی

 قیمت: ۱میلیارد ۲۲۰ تومن
 پیش‌پرداخت: ۵۰٪

✨ خودرویی مناسب برای استفاده روزمره و خانوادگی
 کارشناسی فنی و بدنه
 سند و پلاک از ابتدا به نام خریدار
⚡ تحویل فوری
 اقساط ۶ تا ۳۶ ماهه
✔️ فقط با چک صیادی
✔️ امکان ارائه چک شخص دیگر

 فروش اقساطی انواع خودروهای ایرانی و خارجی، صفر و کارکرده

اعتمادخودرو آریا
 کارشناس فروش: ((سلطانی))",2026-09-09T20:58:36.300144
gaB21RlQ,https://divar.ir/v/gaB21RlQ,ساینا s / مدل ۱۴۰۵ / فروش اقساطی,۳ هفته پیش در تهران، مدائن، خ بیست و سوم,tehran، sarsabz,۰,0,۱۴۰۵ - ۲۰۲۶,سفید,ساینا دنده‌ای S,دنده‌ای,بنزین,"‏۸۱۰,۰۰۰,۰۰۰ تومان",810000000,سالم,سالم و پلمپ,سالم و پلمپ,سالم و بی‌خط و خش,سالم و پلمپ,"سلام واحترام 
⚜نمایشگاه ثمین الماس⚜
✅فروش نقد و اقساط با شرایط ویژه نمایشگاه
✅وام مستقیم بدون نیاز به بانک
✅اقساط ۲۴ ماهه با پیش‌پرداخت ۶۰٪
✅مناسب برای خرید سریع و تحویل فوری
☎️تماس برای دریافت قیمت روز
مشاورخریدشما: خانم باقرزاده",2026-09-09T20:58:42.737288
gahqWQsC,https://divar.ir/v/gahqWQsC,ساینا سفید EX مدل ۹۸ دوگانه CNG,۳ ساعت پیش در تهران، اکباتان، بلوار حنانی,tehran، ekbatan,۱۴۰۰۰۰,140000,۱۳۹۸ - ۲۰۱۹,سفید,ساینا دنده‌ای EX,دنده‌ای,دوگانه‌سوز شرکتی,"‏۸۳۵,۰۰۰,۰۰۰ تومان",835000000,سالم,سالم و پلمپ,سالم و پلمپ,سالم و بی‌خط و خش,سالم و پلمپ,"خط و خش ندارد
دو لکه رنگ شدگی دارد
بیمه 1 سالم کامل 
معاینه فنی و معاینه گاز گرفتم براشون
لاستیک 80 در صد
دوگانه CNG 
شیشه ها برقی میباشد 
روکش صندلی و ظبط و باند دارد
فقط مصرف کننده 
بازدید اسلامشهر میباشد",2026-09-09T20:59:26.536243
gaZahhYC,https://divar.ir/v/gaZahhYC,ساینا سفیدمدل1399,۶ روز پیش در تهران، صاحب الزمان، خ آرامیده,tehran، shaharak-e-moslemin,۹۵۰۰۰,95000,۱۳۹۹ - ۲۰۲۰,سفید,ساینا دنده‌ای EX,دنده‌ای,بنزین,"‏۸۷۸,۰۰۰,۰۰۰ تومان",878000000,سالم,سالم و پلمپ,سالم و پلمپ,سالم و بی‌خط و خش,سالم و پلمپ,"سلام ماشین بدون رنگ می باشد شاسی هاپلمپ
بدون کوچکترین ترک جوش ضربه فقطیه کف دست طوق گلگیرعقب لیسه آبرنگ دارد فنی
فوق العاده سالم بازدید اسلامشهر می باشد",2026-09-09T20:59:37.559961
gahCmfn3,https://divar.ir/v/gahCmfn3,ساینا 99,۳ ساعت پیش در تهران، وصفنارد، خ نبی الله کریمی,tehran، vasfenard,۷۵۰۰۰,75000,۱۳۹۹ - ۲۰۲۰,سفید,ساینا دنده‌ای EX,دنده‌ای,بنزین,"‏۹۸۰,۰۰۰,۰۰۰ تومان",980000000,سالم,سالم و پلمپ,سالم و پلمپ,سالم و بی‌خط و خش,سالم و پلمپ,با سلام ساینا مدل 99.مصرفی ها تازه عوض شده تسمه تایم نو . لاستیک بارز نو . صفحه کلاج نو  بی رنگ,2026-09-09T21:01:10.622241
gafqpazn,https://divar.ir/v/gafqpazn,ساینا S دوگانه، مشابه صفر,دیروز در تهران، عباس‌آباد، خ میرعماد,tehran، abbas-abad,۴۰۰۰۰,40000,۱۴۰۲ - ۲۰۲۳,سفید,ساینا دنده‌ای S,دنده‌ای,دوگانه‌سوز شرکتی,"‏۱,۲۸۵,۰۰۰,۰۰۰ تومان",1285000000,سالم,سالم و پلمپ,سالم و پلمپ,سالم و بی‌خط و خش,سالم و پلمپ,"⚡️ساینا S دوگانه 
⚡️کلا 40.000 تا رفته ماشین کارمندی بوده و بیشتر خواب بوده 
⚡️بیمه ۱۲ ماه 
⚡️مدل 1402 
⚡️لاستیک 80 درصد
⚡️یه لکه رنگ گلگیر - پشت چراغ قرمز یه ضربه ریز از پشت داشتم 
⚡️تمام سرویس ها به موقع انجام شده
⚡️شیشه دودی",2026-09-09T21:01:22.999202
gaheVsdN,https://divar.ir/v/gaheVsdN,ساینا s,۴ ساعت پیش در تهران، شهرک امام خمینی، خ محلاتی,tehran، shahrak-e-emamkhomeyni,۱۲۳۰۰۰,123000,۱۴۰۰ - ۲۰۲۱,سفید,ساینا دنده‌ای S,دنده‌ای,بنزین,"‏۹۹۰,۰۰۰,۰۰۰ تومان",990000000,سالم,سالم و پلمپ,سالم و پلمپ,خط و خش جزیی,سالم و پلمپ,"فنی سالم 
کولر سالم
تمام مصرفی ها به موقع تعویض شده
بیمه تازه چند روز پیش شده 11ماه دیگه داره
تو عکس مشخصه دوسه جا خوردگی کوچیک تو پارک داشته
فقط صندوق عقب تعویض نمایندگی همون سال اول بخاطر طوفان و افتادن سنگ از بالای ساختمان رو صندوق داشته نه بخاطر تصادف 
با خریدار واقعی راه میام (تخفیف جزئی)",2026-09-09T21:02:19.180327
gaha1-VN,https://divar.ir/v/gaha1-VN,ساینا مدل97,۴ ساعت پیش در تهران، کیانشهر، خ سوم,tehran، shahrak-e-kianshahr,۱۳۰۰۰۰,130000,۱۳۹۷ - ۲۰۱۸,سفید,ساینا GX,دنده‌ای,بنزین,"‏۸۵۶,۰۰۰,۰۰۰ تومان",856000000,سالم,سالم و پلمپ,سالم و پلمپ,سالم و بی‌خط و خش,سالم و پلمپ,"شاستی ها پلمپ 
بدنه بی رنگ
 فنی موتوری کاملا سالم و پلمپ کولر بخاری سالم 
10ماه بیمه ، 6ماه معاینه فنی 
 دارای برگه کارشناسی 
چهار تا لاستیک نو
رینگ آلومینیومی 
روکش صندلی نو کفی یه تیکه شیشه دودی",2026-09-09T21:02:27.988744
gahS1H_i,https://divar.ir/v/gahS1H_i,ساینا مدل ۹۹ بی رنگ,۴ ساعت پیش در تهران، صاحب الزمان، خ چهل و پنج متری بهار,tehran، shaharak-e-moslemin,۱۱۳۰۰۰,113000,۱۳۹۹ - ۲۰۲۰,سفید,ساینا دنده‌ای S,دنده‌ای,بنزین,"‏۹۶۰,۰۰۰,۰۰۰ تومان",960000000,سالم,سالم و پلمپ,سالم و پلمپ,سالم و بی‌خط و خش,سالم و پلمپ,"بدون توضیح 
یک فشار جزئی بکسل بند",2026-09-09T21:02:35.976448
gaKWw8Sk,https://divar.ir/v/gaKWw8Sk,ساینا S سفید صفر کیلومتر ۱۴۰۵ /آماده تحویل,۲ هفته پیش در تهران، صادقیه، خ صادقی پور,tehran، sadeghiyeh,۰,0,۱۴۰۵ - ۲۰۲۶,سفید,ساینا دنده‌ای S,دنده‌ای,بنزین,"‏۱,۰۴۰,۰۰۰,۰۰۰ تومان",1040000000,سالم,سالم و پلمپ,سالم و پلمپ,سالم و بی‌خط و خش,سالم و پلمپ,"فروش ویژه خودرو | مجموعه اریس صنعت خودرو

دنبال خرید خودرو با معامله‌ای مطمئن و شفاف هستید؟ 

فروش انواع خودرو:
✅ سایپا
✅ ایران‌خودرو
✅ بهمن موتور
✅ کرمان موتور
✅ سایر برندها

⚡ تحویل سریع خودرو
 ابتدا خودرو را ببینید و کارشناسی کنید، سپس تسویه انجام دهید.

 طلا، سکه، دلار و تتر شما با قیمت روز در معامله محاسبه می‌شود.

 برای اطلاع از قیمت و موجودی لحظه‌ای و دریافت شرایط معامله، با کارشناس فروش خانم اسدزاده تماس بگیرید.

 مجموعه اریس صنعت",2026-09-09T21:03:30.771931
gaaM4l_0,https://divar.ir/v/gaaM4l_0,ساینا تکسوز و دوگانه/نقدواقساط تحویل روز,۳ ماه پیش در تهران، جمال‌زاده، خ جمالزاده جنوبی,tehran، jamalzadeh,۰,0,۱۴۰۵ - ۲۰۲۶,سفید,ساینا GX,دنده‌ای,بنزین,"‏۶۰۰,۰۰۰,۰۰۰ تومان",600000000,سالم,سالم و پلمپ,سالم و پلمپ,سالم و بی‌خط و خش,سالم و پلمپ,"◻️آکام خودرو◻️
کارگزار رسمی بانک
▫️کد 589389▫️

☑️فروش خودرو به صورت نقد و اقساط با سود بانک مرکزی

☑️پیش پرداخت همزمان با تحویل خودرو 

☑️امکان بازدید و کارشناسی خودرو قبل از واریز پیش پرداخت

☑️سند خودرو شش دانگ به نام متقاضی و در رهن بانک

☑️بازپرداخت از 12ماه تا 60ماه با امکان تسویه زودتر از موعد با کسر سود

☑️اقساط هر سه ماه با چک صیادی در وجه بانک

☑️برای مشاوره و راهنمایی دقیق تر با کارشناسان مجموعه در ارتباط باشید",2026-09-09T21:05:17.424503
gahClB4R,https://divar.ir/v/gahClB4R,فروش اقساطی ساینا/اطلس/کوییک/سهند صفر,۵ ساعت پیش در تهران، اباذر,tehran، aboozar,۰,0,۱۴۰۵ - ۲۰۲۶,سفید,ساینا دنده‌ای S,,بنزین,"‏۱۰,۰۰۰ تومان",10000,تعیین‌نشده,تعیین‌نشده,تعیین‌نشده,سالم و بی‌خط و خش,,"######## (( اتوگالری ماکان )) ###########

❌❌❌❌کارشناس فروش : اقای محمدی❌❌❌❌

✅فروش اقساطی کلیه محصولات ایران خودرو //سایپا// مدیران خودرو //لاماری //دیگنیتی و تمامی خودروهای وارداتی با تنوع رنگبندی

    
✅ تحویل یکساعته همزمان با پیش پرداخت
✅ پیش پرداخت 50% مبلغ خودرو
✅ اقساط از 2 تا 30 ماه 
✅ سند بنام خریدار
✅ بدون ضامن فقط با چک در صورت نداشتن چک می‌توانند از چک شخص دیگری استفاده کنید
✅ امکان تسویه زودتر از موعد با کسر سود 

✅✅ کارشناس فروش : اقای محمدی
☎️☎️☎️***********

ادرس نمایشگاه : اشرفی اصفهانی جنوب نرسیده به فلکه صادقیه نبش خیابان شالی روبروی درمانگاه شهرداری اتوگالری ماکان

 ** با بیست سال سابقه درخشان در فروش اقساطی خودرو **
 *** لوکیشن نمایشگاه زیر اگهی دیوار***",2026-09-09T21:06:24.748442
gahqUrcm,https://divar.ir/v/gahqUrcm,ساینا s مدل 1403,۵ ساعت پیش در تهران، مشیریه، خ حسینی مزینانی,tehran، moshiriyeh,۵۵۰۰۰,55000,۱۴۰۳ - ۲۰۲۴,سفید,ساینا دنده‌ای S,دنده‌ای,بنزین,"‏۱,۲۰۰,۰۰۰,۰۰۰ تومان",1200000000,سالم,سالم و پلمپ,سالم و پلمپ,سالم و بی‌خط و خش,سالم و پلمپ,"ساینا s
مدل 1403
بدون رنگ
۵۵۰۰۰ کارکرد
فروشنده واقعی
عکس تزئینی",2026-09-09T21:07:29.257421
gahm0Nhc,https://divar.ir/v/gahm0Nhc,ساینا s دوگانه کارخانه بی رنگ,۵ ساعت پیش در تهران، تهرانپارس شرقی، بلوار زفرقندی,tehran، east-tehranpars,۹۵۰۰۰,95000,۱۴۰۲ - ۲۰۲۳,سفید,ساینا GXL دوگانه سوز,دنده‌ای,دوگانه‌سوز شرکتی,"‏۱,۲۶۳,۰۰۰,۰۰۰ تومان",1263000000,سالم,سالم و پلمپ,سالم و پلمپ,سالم و بی‌خط و خش,سالم و پلمپ,"خودروی فوق کاملا سالم فنی فوق العاده سالم/
لاستیک ها 100% درصد /
دزدگیر کف پایی سه بعدی / 
شیشه ها دودی دیلایت /
سرویس‌ها انجام و مصرفی ها تعویض/
باتشکر از عوامل محترم دیوار",2026-09-09T21:07:40.702889
gaMKS-vQ,https://divar.ir/v/gaMKS-vQ,ساینا اس و جی ایکس تکسوز و دوگانه / 405تحویل سریع,۲ هفته پیش در تهران، صادقیه، خ سازمان آب,tehran، sadeghiyeh,۰,0,۱۴۰۵ - ۲۰۲۶,سفید,ساینا دنده‌ای پلاس,دنده‌ای,بنزین,"‏۱,۲۴۰,۰۰۰,۰۰۰ تومان",1240000000,سالم,سالم و پلمپ,سالم و پلمپ,سالم و بی‌خط و خش,سالم و پلمپ,"⭕️ ساینا اس و جی ایکس تکسوز و دوگانه  صفر کیلومتر مدل ۱۴۰۵ 
با تحویل فوری موجود در رنگ بندی

مجموعه کارامین این ماشین رو با شرایط  ویژه برای شما موجود میکنه:

✅ فروش انواع محصولات ایرانی ، مونتاژی و خارجی
✅ تحویل خودرو سریع
✅ ۲۴ ساعت مهلت کارشناسی از لحظه تحویل
✅ تسویه بعد از رویت و کارشناسی خودرو
✅  تمامی خودروهای موجود در رنگ‌بندی کامل
✅ تخفیف ویژه پای قرارداد
✅ امکان معاوضه با خودروی صفر و کارکرده

۱۲ ماه بیمه شخص ثالث معتبر و ۷۰٪ تخفیف بیمه بدنه
گارانتی معتبر شرکتی

⭕️برای اینکه خرید خوبی و تجربه کنید کنار شما هستیم .

• اتوگالری کارامین . خانم آریا
☎️برای راهنمایی بیشتر همین الان تماس بگیرید با حوصله راهنماییتون می‌کنیم☎️",2026-09-09T21:07:49.678553
gaFS1wCK,https://divar.ir/v/gaFS1wCK,ساینا S اس تک و دوگانه سوز و Gx,۳ هفته پیش در تهران، ستارخان,tehran، sattarkhan,۰,0,۱۴۰۵ - ۲۰۲۶,سفید,ساینا GXL دوگانه سوز,,بنزین,"‏۱,۳۰۰,۰۰۰,۰۰۰ تومان",1300000000,تعیین‌نشده,تعیین‌نشده,تعیین‌نشده,سالم و بی‌خط و خش,,",>>>>نمایندگی سام خودرو ایده ال<<<<
✴️عضو رسمی اتحادیه خودرو با کد ثبتی اختصاصی ۶۰۷۹۱۷✴️

قیمت‌ها واقعی میباشد و فیک و الکی اعلام نمیشه

    ❌️تعویض ماشین کارکرده با صفر ❌️
       فروش فقط بصورت نقدی میباشد
یک ساعته خودرو کارکرده شما را با صفر درب نمایندگی تعویض میکنیم 

با کارشناسی و قیمت گذاری رایگان توسط کارشناسان داخل نمایندگی

کلیه خودروهای صفر موجود میباشد
(۲۰۷/دنا/تارا/شاهین/سورن/رانا/ریرا/کی ام سی/هایمااطلس/کوییک/ساینا/سهند)

❌️❌️باسابقه ترین نمایندگی فروش در غرب  تهران❌️❌️


✅️ تحویل خودرو از درب نمایندگی
✅️پلاک شده قابل تردد
✅️سند آزاد
✅️کلیه رنگها موجود
✅️هزینه وکالت به عهده نمایندگی می باشد
✅️امکان کارشناسی خودرو تا ۲۴ ساعت
✅️امکان نصب کلیه آپشنهای شرکتی با بهترین کیفیت و نازلترین قیمت داخل نمایندگی
 
❌️به علت حجم بالای تماس‌ها در صورت اشغال بودن حضوری تشریف بیاورید❌️


کارشناس فروش **خانم قربانی**
 
آدرس نمایندگی 
ستارخان.نرسیده به بازار سنتی.روبروی آتش نشانی.ساختمان اداری جوانه.همکف",2026-09-09T21:09:07.210984
gah2D4Zs,https://divar.ir/v/gah2D4Zs,ساینا s85گانه صفر,۶ ساعت پیش در تهران، درب دوم,tehran، darb-dowom,۳۰۰۰,3000,۱۴۰۴ - ۲۰۲۵,سفید,ساینا دنده‌ای S,دنده‌ای,بنزین,"‏۱,۴۰۰,۰۰۰,۰۰۰ تومان",1400000000,سالم,سالم و پلمپ,سالم و پلمپ,سالم و بی‌خط و خش,سالم و پلمپ,سلام مدل ۲۹اسفند۱۴۰۴,2026-09-09T21:10:11.302974
gawlj4m_,https://divar.ir/v/gawlj4m_,ساینا s دوگانه تحویل انی 1405 سفید مشکی,ماه پیش در تهران، صادقیه، خ بیست و یکم شرقی,tehran، sadeghiyeh,۰,0,۱۴۰۵ - ۲۰۲۶,سفید,ساینا دنده‌ای S,دنده‌ای,بنزین,"‏۱,۱۵۰,۰۰۰,۰۰۰ تومان",1150000000,سالم,سالم و پلمپ,سالم و پلمپ,سالم و بی‌خط و خش,سالم و پلمپ,"✅️هلدینگ میشا خودرو صنعت""✅️
عضو رسمی اتحادیه 
نماینده رسمی محصولات فروش
مدیران خودرو/کرمان موتور/سایپا/ایرانخودرو/بهمن موتور
فروش نقدی
با ۱۸ سال سابقه درخشان فروش  در غرب تهران 
تحویل درب منزل یا نمایندگی به درخواست مشتری
✅ ""امکان رویت و کارشناسی قبل از تسویه مبلغ خودرو""
✅تمامی خودروها دارای یکسال بیمه شخص ثالث
✅۷۰درصد تخفیف بیمه بدنه
✅تنوع رنگ ها در همه خودروها
✅هزینه تنظیم سند و وکالت به عهده نمایندگی میباشد 
✅تمامی خودروها به صورت سفارشی موجود میباشد 
✅تمامی خودروها تا ۲۴ ساعت مهلت کارشناسی دارند
امکان فروش تعداد برای تمامی شرکت ها و ارگان های دولتی  
هلدینگ میشا صنعت خودرو
کارشناس فروشسرکار خانم پریخانی",2026-09-09T21:10:21.517920
gaBKlUnS,https://divar.ir/v/gaBKlUnS,ساینا تک /دوگانه ۱۴۰۵ تحویل فوری,۳ هفته پیش در تهران، صادقیه، خ بیست و یکم شرقی,tehran، sadeghiyeh,۰,0,۱۴۰۵ - ۲۰۲۶,سفید,ساینا دنده‌ای S,دنده‌ای,بنزین,"‏۱,۰۵۰,۰۰۰,۰۰۰ تومان",1050000000,سالم,سالم و پلمپ,سالم و پلمپ,سالم و بی‌خط و خش,سالم و پلمپ,"✨هلدینگ میشا صنعت خودرو✨
فروش انواع خودروهای ایرانی و خارجی

✅️ عضو رسمی اتحادیه 
✅️ کد ثبتی : 616686
✅️ با بیش از ۱۷ سال سابقه
——————————————— 
 تحویل فوری
 ۲۴ساعت مهلت کارشناسی
 تسویه بعداز رویت و کارشناسی خودرو
 سند آزاد
 ٪۷۰ تخفیف بیمه بدنه
 امکان فروش به تمامی شرکت ها و ارگان های دولتی
 امکان فروش خودرو با دلار همه ارزهاو طلا به قیمت روز
 امکان معاوضه خودرو کارکرده با صفر 
———————————————
جهت  کسب اطلاعات بیشتر با کارشناسان ما در ارتباط باشید .

  کارشناس شما خانم محمدی",2026-09-09T21:10:28.751527
gauFgNBU,https://divar.ir/v/gauFgNBU,ساینا اس S تک بنزینی / دوگانه GXL جی ایکس صفر 1405,ماه پیش در تهران، تهرانسر شرقی، بلوار شهدای کمیته انقلاب,tehran، tehransar,۰,0,۱۴۰۵ - ۲۰۲۶,سفید,ساینا GXL دوگانه سوز,اتوماتیک,بنزین,"‏۱,۰۰۰ تومان",1000,سالم,سالم و پلمپ,سالم و پلمپ,سالم و بی‌خط و خش,سالم و پلمپ,"کارشناس فروش :
☎️ خانم فـراز ☎️

⚜️ صـداقـت مـا اعـتبـار مـاسـت ⚜️
لطفاً توجه بفرمایید قیمت اعلامی ما به شما قطعی و واقعی می باشد و در مجموعه ما به هیچ عنوان برای جذب مشتری قیمـت کاذب داده نـمیشـود ‌.

◀️ تحویل خودرو آنی و مستقیم از اداره تحویل سایپا
◀️ هنگام خرید هیچگونه تغییر قیمت نخواهید داشت بدون هزینه های جانبی اعم از کمیسیون ، مالیات ، عوارض و...

⬇️ خودروی فوق دارای آپشن‌های شرکتی زیر میباشد :
 
⭐ پارس خودرویی ، رینگ آلمینیومی (اسپرت)
⭐ استاندارد 85 گانه ، سنسور باد ، موتور ارتقا یافته 
⭐ صفحه کیلومتر جدید ، تهویه اتوماتیک 
⭐ قفل مرکزی با ریموت کنترل ، صندوق پران
⭐ 4 شیشه و آینه ها برقی
⭐ سنسور پارک دنده عقب 
⭐ دیلایت و اتولایت

✅ فروش نقدی ، صفر خشک ، سند آزاد
✅ یکسال بیمه شخص ثالث
✅ 3 سال گارانتی تا 60 هزار کیلومتر 
✅ یکسال بیمه بدنه با 70% تخفیف

⬇️ ساعت تماس : 9 صبح الی 21
☎️ ( خانم فـراز )☎️
آدرس : تهرانسر _ 65متری فتح  ابتدای بلوار گلها ـ ورودی پارکینگ گلها _ سمت چپ { سـریر خودرو }",2026-09-09T21:11:19.864201
gahyjdrM,https://divar.ir/v/gahyjdrM,ساینا مدل ۹۸ بدون رنگ کم کار,۶ ساعت پیش در تهران، جمهوری، خ طوس غربی,tehran، jomhouri,۹۸۰۰۰,98000,۱۳۹۸ - ۲۰۱۹,سفید,ساینا دنده‌ای EX,دنده‌ای,بنزین,"‏۹۴۵,۰۰۰,۰۰۰ تومان",945000000,سالم,سالم و پلمپ,سالم و پلمپ,سالم و بی‌خط و خش,سالم و پلمپ,"ساینا ۹۸ 
کارکرد ۹۸۰۰۰
بدون رنگ و تعویض 
شاسی جلو عقب بدن کوچکترین ضربه حتی سینی ها
لاستیک نو نو 
بیمه و معاینه کامل",2026-09-09T21:13:01.275454
gahyjKfS,https://divar.ir/v/gahyjKfS,ساینا مدل ۹۶ بی رنگ,۶ ساعت پیش در تهران، کاشانک، میدان کاشانک,tehran، kashanak,۳۵۰۰۰,35000,۱۳۹۶ - ۲۰۱۷,سفید,ساینا دنده‌ای S,دنده‌ای,بنزین,"‏۹۸۵,۰۰۰,۰۰۰ تومان",985000000,سالم,سالم و پلمپ,سالم و پلمپ,سالم و بی‌خط و خش,سالم و پلمپ,"ساینا مدل ۹۶ 
بی رنگ 
کم کار
۳۵۰۰۰ کار",2026-09-09T21:13:12.161615
gahiTfUF,https://divar.ir/v/gahiTfUF,سایناپلاس دوگانه,۶ ساعت پیش در تهران، اقدسیه، خ پاسداران,tehran، aghdasieh,۱۲۰۰۰۰,120000,۱۳۹۹ - ۲۰۲۰,سفید,ساینا دنده‌ای پلاس,دنده‌ای,دوگانه‌سوز دستی,"‏۱,۰۰۰,۰۰۰,۰۰۰ تومان",1000000000,سالم,سالم و پلمپ,سالم و پلمپ,سالم و بی‌خط و خش,سالم و پلمپ,سایناپلاس مدل۹۹کارکرد۱۲۰دوگانه بدون رنگ بدون خرج دیسک وصفحه نواصلی جلوبندی تازه تعمیرشده,2026-09-09T21:13:23.724881
ga34ZOrg,https://divar.ir/v/ga34ZOrg,سایناs تک و دوگانه صفر 1405 تحویل فوری,۲ ماه پیش در تهران، صادقیه، خ ستارخان,tehran، sadeghiyeh,۰,0,۱۴۰۵ - ۲۰۲۶,سفید,ساینا دنده‌ای S,دنده‌ای,بنزین,"‏۱,۲۰۸,۰۰۰,۰۰۰ تومان",1208000000,سالم,سالم و پلمپ,سالم و پلمپ,سالم و بی‌خط و خش,سالم و پلمپ,"-----⚜اورست خودرو پایتخت ⚜️--
               کد ثبت 621670
✅هدف ما فقط فروش خودرو نیست؛ایجاد یک خرید امن،حرفه ای و بدون دغدغه برای شماست
✔️ دفتر نمایندگی با بیش از 8 سال سابقه درخشان در زمینه فروش خودرو های صفر
✔️تحویل فوری با گارانتی معتبر شرکتی 
✔️ تحویل خودرو به روز مستقیم از پارکینگ نمایندگی
✔️ تسویه بعد از رویت و کارشناسی خودرو
✔️فروش بدون واسطه 
✔️ مهلت کارشناسی  24 ساعت
✔️ سند تمامی خودرو ها آزاد میباشد
✔️ تمامی خودرو ها در سایر رنگ ها موجود میباشد
✔️فروش محصولات ایران خودرو / سایپا /پارس خودرو/ کرمان خودرو/ بهمن خودرو 
✔️تخفیف بیمه بدنه 50 الی 70 درصد 
——————————————
       کارشناس فروش: خانم پاشا

برای کسب اطلاعات بیشتر با ‌شماره  کار‌شناس فروش تماس بگیرید",2026-09-09T21:14:01.651028
gawwPB0k,https://divar.ir/v/gawwPB0k,ساینا S صفر ۱۴۰۵/تحویل فوری,۲ ماه پیش در تهران، صادقیه، خ ستارخان,tehran، sadeghiyeh,۰,0,۱۴۰۵ - ۲۰۲۶,سفید,ساینا دنده‌ای S,دنده‌ای,بنزین,"‏۱,۲۵۰,۰۰۰,۰۰۰ تومان",1250000000,سالم,سالم و پلمپ,سالم و پلمپ,سالم و بی‌خط و خش,سالم و پلمپ,"✅️اتوگالری مهدی با بیش از ۱۵ سال سابقه در زمینه فروش✅️
●فروش محصولات داخلی و خارجی
●تحویل فوری 
●تحویل بروز و خروج مستقیم از پارکینگ نمایندگی
●تسویه بعد از رویت و کارشناسی 
●تمامی سند خودروها آزاد میباشد
●فروش بدون واسطه 
●۲۴ساعت مهلت کارشناسی خودرو 
●برای دریافت اطلاعات بیشتر تماس حاصل فرمایید.
●کارشناس شما :خانم شمس ☎️",2026-09-09T21:14:12.020484
gaPhVJ7Z,https://divar.ir/v/gaPhVJ7Z,ساینا S اس مدل 1405 صفر خشک استاندارد 85 گانه,۲ ماه پیش در تهران، اسکندری، خ سعید,tehran، eskandari,۰,0,۱۴۰۴ - ۲۰۲۵,سفید,ساینا دنده‌ای S,دنده‌ای,بنزین,"‏۱۰۰,۰۰۰ تومان",100000,سالم,سالم و پلمپ,سالم و پلمپ,سالم و بی‌خط و خش,سالم و پلمپ,"❌❌ فـروش اقســاطـی نداریـم ❌❌

⬅️ قیمت قطعی و واقعی بدون افزایش قیمت به هر دلیلی ، بدون هزینه کمسیون 
⬅️ ⬅️ ⬅️ هنگام خرید هیچگونه تغییر قیمت نخواهد داشت
✅ یکسال بیمه شخص ثالث
✅ 3 سال گارانتی تا 60 هزار کیلومتر
✅ یکسال بیمه بدنه با 70% تخفیف

⬅️⬅️ نقدی پلاک شده صفر خشک

خودروی فوق دارای آپشن های شرکتی زیر می باشد:
⭐ دیلایت
⭐️ اتولایت
⭐ ترمز ABS 
⭐ فرمان دیکات
⭐ شیشه ها برقی
☎️☎️ شماره تماس مستقیم خط ویژه  ( ساعت 8 الی 17 ))
ساعت تماس » 8 صبح الی 17:30
آدرس : خیابان جمهوری انتهای باستان جنوبی ابتدای کمالی نبش بن بست سعید پ 554",2026-09-09T21:15:06.713122
gaf5R5Zl,https://divar.ir/v/gaf5R5Zl,ساینا اس/دوگانه اتومات مدل ۱۴۰۵ تحویل روز,ماه پیش در تهران، صادقیه، خ ستارخان,tehran، sadeghiyeh,۰,0,۱۴۰۵ - ۲۰۲۶,سفید,ساینا دنده‌ای S,اتوماتیک,بنزین,"‏۹۴۰,۰۰۰,۰۰۰ تومان",940000000,سالم,سالم و پلمپ,سالم و پلمپ,سالم و بی‌خط و خش,سالم و پلمپ,"⭐️صنعت خودرو جباری با بیش از ۱۵ سال سابقه درخشان⭐️

⭐ سند آزاد و هزینه انتقال سند بر عهده نمایندگی است⭐️

شرایط فروش ویژه:

✅ فروش نقدی و تحویل فوری
✅ امکان خرید طلا، شمش، دلار، یورو به قیمت روز بازار
✅ ۲۴ ساعت مهلت کارشناسی و رویت خودرو قبل از تسویه
✅ امکان معاوضه با خودروهای صفر و کارکرده
✅ تسویه پس از تحویل و تایید کارشناس شما
✅ بدون واسطه، خرید مطمئن و شفاف

کارشناس فروش شما: خانم نیک

☎️ برای اطلاعات بیشتر و دریافت قیمت لحظه‌ای خودرو، لطفاً با کارشناس فروش تماس بگیرید. در صورت مشغول بودن خطوط فروش، به صورت حضوری مراجعه نمایید",2026-09-09T21:17:12.926395
QawFIDdQ,https://divar.ir/v/QawFIDdQ,ساینا تک / دوگانه سوز صفر سفید مشکی,۷ ماه پیش در تهران، صادقیه، خ گلناز دهم,tehran، sadeghiyeh,۰,0,۱۴۰۵ - ۲۰۲۶,سفید,ساینا دنده‌ای S,دنده‌ای,دوگانه‌سوز شرکتی,"‏۱,۳۱۰,۰۰۰,۰۰۰ تومان",1310000000,سالم,سالم و پلمپ,سالم و پلمپ,سالم و بی‌خط و خش,سالم و پلمپ,"⚜️ تکران صنعت خودرو با بیش از ۱۵ سال سابقه درخشان و عضو رسمی اتحادیه با کد نمایندگی ۶۷۷۰۷۹⚜️

 شرایط فروش ویژه:
✅ فروش نقدی و تحویل فوری
✅امکان خرید طلا،شمش،دلار، یورو،به قیمت روز بازار
✅ ۲۴ ساعت مهلت کارشناسی و رویت خودرو قبل از تسویه
✅ امکان معاوضه با خودروهای صفر و کارکرده
✅ تسویه پس از تحویل و تایید کارشناس شما
✅ بدون واسطه، خرید مطمئن و شفاف

کارشناس فروش شما :خانم شکیبا

☎️ برای اطلاعات بیشتر و دریافت قیمت لحظه ایی خودرو، لطفاً باکارشناس فروش تماس بگیرید در صورت مشغول بودن خطوط فروش به صورت حضوری مراجعه نمایید.",2026-09-09T21:17:21.261489
gahqSaZd,https://divar.ir/v/gahqSaZd,ساینا دوگانه فابریک.کارمندی در حد,۷ ساعت پیش در تهران، جوادیه، خ مدرسه ایثارگران,tehran، javadiyeh,۶۹۰۰۰,69000,۱۴۰۲ - ۲۰۲۳,سفید,ساینا GXL دوگانه سوز,دنده‌ای,دوگانه‌سوز شرکتی,"‏۱,۲۴۰,۰۰۰,۰۰۰ تومان",1240000000,سالم,سالم و پلمپ,سالم و پلمپ,سالم و بی‌خط و خش,سالم و پلمپ,"ساینا دوگانه فابریک.کارمندی در حد 
روکش صندلی چرم
دور فرمان چرم
کفی سه بعدی
شیشه ها دودی",2026-09-09T21:18:17.966264
gaSkNeQX,https://divar.ir/v/gaSkNeQX,ساینا تک گانه / دوگانه / 1405 و 1404  تحویل فوری,۳ ماه پیش در تهران، صادقیه,tehran، sadeghiyeh,۰,0,۱۴۰۵ - ۲۰۲۶,سفید,ساینا دنده‌ای S,دنده‌ای,بنزین,"‏۱,۰۵۰,۰۰۰,۰۰۰ تومان",1050000000,سالم,سالم و پلمپ,سالم و پلمپ,سالم و بی‌خط و خش,سالم و پلمپ,"✨هلدینگ میشا صنعت خودرو✨
فروش انواع خودروهای ایرانی و خارجی

✅️ عضو رسمی اتحادیه 
✅️ کد ثبتی : 616686
✅️ با بیش از ۱۷ سال سابقه
——————————————— 
 تحویل فوری
 ۲۴ساعت مهلت کارشناسی
 تسویه بعداز رویت و کارشناسی خودرو
 سند آزاد
 ٪۷۰ تخفیف بیمه بدنه
 امکان فروش به تمامی شرکت ها و ارگان های دولتی

 امکان معاوضه خودرو کارکرده با صفر 
———————————————
جهت  کسب اطلاعات بیشتر با کارشناسان ما در ارتباط باشید .

   کارشناس شما خانم کیانی",2026-09-09T21:18:29.022267
ganJyPX9,https://divar.ir/v/ganJyPX9,ساینا اس  تک سوز و Gxمدل صفر ۴۰۵,ماه پیش در تهران، صادقیه، خ پاییزان,tehran، sadeghiyeh,۰,0,۱۴۰۵ - ۲۰۲۶,سفید,ساینا دنده‌ای S,دنده‌ای,بنزین,"‏۱,۳۳۸,۰۰۰,۰۰۰ تومان",1338000000,سالم,سالم و پلمپ,سالم و پلمپ,سالم و بی‌خط و خش,سالم و پلمپ,"•خودرو طهرانی •
* نمایندگی فروش سایپا،ایران خودرو ، مدیران *
شماره ثبت:۶۵۵۳۷۵
{ فروش انواع خودروهای ایرانی و مونتاژی)
✅تحویل یک ساعته و فوری
✅امکان بازدید قبل از یرداخت
✅خودرو دارای کَارانتی و بیمه
✅70درصد تخفیف بیمه بدنه
✅سند ازاد
✅امکان معاوضه خودرو کارکرده وصفر
✅خودرو با برکه کارشناسی
 ✅۲۴ساعت مهلت کارشناسی
کارشناس فروش: خانوم وزیری",2026-09-09T21:19:23.338794
gahuCeQf,https://divar.ir/v/gahuCeQf,ساینا مدل۱۴۰۱تک برگ سند,۷ ساعت پیش در تهران، دولت‌آباد,tehran، dowlatabad-rey,۱۱۶۰۰۰,116000,۱۴۰۱ - ۲۰۲۲,سفید,ساینا دنده‌ای EX,دنده‌ای,بنزین,"‏۱,۰۴۵,۰۰۰,۰۰۰ تومان",1045000000,سالم,سالم و پلمپ,سالم و پلمپ,سالم و بی‌خط و خش,سالم و پلمپ,تک برگ سند بیمه ۴ ماه لاستیکا ۹۰درصد موتور گیربکس بشرط ی کف دست زیر درباک ابرنگ بدون بتونه بقیه بیرنگ ضبط بلوتوث دار شیشه ها دودی صندلی فابریکی بدون پارگی زاپاس استفاده نشده مدارک اماده انتقال,2026-09-09T21:19:32.300910
gahuCBwR,https://divar.ir/v/gahuCBwR,ساینا اس,۸ ساعت پیش در تهران، شهرک امام خمینی، خ محلاتی,tehran، shahrak-e-emamkhomeyni,۶۹,69,۱۴۰۵ - ۲۰۲۶,سفید,ساینا دنده‌ای S,,بنزین,"‏۱,۴۸۰,۰۰۰,۰۰۰ تومان",1480000000,تعیین‌نشده,تعیین‌نشده,تعیین‌نشده,سالم و بی‌خط و خش,,"صفر 
تحویل شهریور
سند کمپانی",2026-09-09T21:20:30.923790
gatYyHx2,https://divar.ir/v/gatYyHx2,ساینا s تک ودوگانه سوز تحویل فوری 1404 و 1405,۲ ماه پیش در تهران، صادقیه، خ خسرو شمالی,tehran، sadeghiyeh,۰,0,۱۴۰۵ - ۲۰۲۶,سفید,ساینا دنده‌ای S,دنده‌ای,دوگانه‌سوز شرکتی,"‏۱,۰۴۰,۰۰۰,۰۰۰ تومان",1040000000,سالم,سالم و پلمپ,سالم و پلمپ,سالم و بی‌خط و خش,سالم و پلمپ,"✅️نفس خودرو✅️
✅️تحـویـل، فـوری فـوری درجـا، همان لحظـه...✅️
✅️رویت و تحویل خودرو قبل از پرداخت وجه...✅️
✅️تمامی خودورها شامل گارانتی و بیمه...✅️
✅️۲۴ ساعـت مهلــت کارشناسی خودرو...✅️
✅️هزینه انتقال سند به عهده نمـاینــدگی...✅️
✅️ خودرو صفر خشکــ.....✅️
✅️سند تمامی خودروها ازاد✅️
✅️تسویه بعد از رویت و کارشناسی✅️
✅️رنگ بندی کامل موجود✅️

_______________________________________
□
■■جهت اطلاع بیشتر با کارشناس فروش ما
■■در تماس باشید، 
...................خـانـم سلمانی.......
_____________________________________________",2026-09-09T21:21:23.001081
gahqyShi,https://divar.ir/v/gahqyShi,ساینا نقد و اقساط مدل 1401 به بالا,۸ ساعت پیش در تهران، بهاران، بلوار کوهسار,tehran، baharan,۰,0,۱۴۰۱ - ۲۰۲۲,سفید,ساینا دنده‌ای S,دنده‌ای,بنزین,"‏۵۵۰,۰۰۰,۰۰۰ تومان",550000000,سالم,سالم و پلمپ,سالم و پلمپ,سالم و بی‌خط و خش,سالم و پلمپ,"شرکت دنیا خودرو️

♦️فروش نقدی و اقساطی تمامی خودرو های داخلی و وارداتی 

❌صفر و کارکرده

فروش برای تمام نقاط ایران 

⛔تحویل خودرو همزمان با پیش پرداخت و تحویل چک

⚠️شرایط بانکی با کمترین بهره و بدون ضامن

❌بدون هزینه جانبی و کارمزد

♦️امکان رویت خودرو قبل از پیش پرداخت

️سند ۶ دانگ به نام خریدار
(سالانه ۶ چک)
اقساط ۱ تا ۳ سال
✅حداقل پیش پرداخت ۶۰ درصد قیمت خودرو
تاریخ اولین چک  ۶۰روز پس از تحویل خودرو
امکان تسویه زودتر از موعد با کسر کارمزد

کارشناس ارشد فروش 
خانم بیگی",2026-09-09T21:21:34.366069
gahmSrPu,https://divar.ir/v/gahmSrPu,ماشین ساینا مدل آخر ۹۹,۸ ساعت پیش در تهران، مدائن، خ آقائی,tehran، sarsabz,۲۴۳۰۰۰,243000,۱۳۹۹ - ۲۰۲۰,سفید,ساینا دنده‌ای EX,,بنزین,"‏۸۵۰,۰۰۰,۰۰۰ تومان",850000000,سالم,تعیین‌نشده,ضربه‌خورده,رنگ‌شدگی در ۲ ناحیه,,"ساینا مدل آخر ۹۹ 
۲قطعه رنگ شدگی در صندوق عقب و در عقب طرف شاگرد 
که عقب پشت ترافیک بوده و در عقب شاگرد هم سطحی خورده شده",2026-09-09T21:21:44.712235
gaV-iZJl,https://divar.ir/v/gaV-iZJl,ساینا,هفته پیش در تهران، نیروی هوایی (پیروزی)، خ سوم‌نیرو‌هوایی,tehran، niroo-havayi,۶۵۰۰۰,65000,۱۳۹۹ - ۲۰۲۰,سفید,ساینا دنده‌ای S,دنده‌ای,بنزین,"‏۱,۳۰۰,۰۰۰,۰۰۰ تومان",1300000000,سالم,سالم و پلمپ,سالم و پلمپ,خط و خش جزیی,سالم و پلمپ,مدل اس ۱۳۹۹,2026-09-09T21:21:52.543742
gaJqnm0d,https://divar.ir/v/gaJqnm0d,ساینا / Saina/405/صفر/تحویل فوری,۲ هفته پیش در تهران، صادقیه، خ کسرایی,tehran، sadeghiyeh,۰,0,۱۴۰۵ - ۲۰۲۶,مشکی,ساینا دنده‌ای S,دنده‌ای,بنزین,"‏۱,۱۷۰,۰۰۰,۰۰۰ تومان",1170000000,سالم,سالم و پلمپ,سالم و پلمپ,سالم و بی‌خط و خش,سالم و پلمپ,"✅️ارژنگ خودرو  با بیش از 15 سال سابقه در زمینه فروش✅ 
✅فروش محصولات داخلی و خارجی✅
✅تحویل فوری✅
✅تحویل خودرو به روز مستقیم از پارکینگ نمایندگی✅ 
✅تسویه بعد از رویت و کارشناسی خودرو✅
✅سند تمامی خودروها آزاد میباشد✅ 
✅فروش بدون واسطه ✅ 
✅24 ساعت مهلت کارشناسی خودرو✅ 
✅تمامی خودرو ها با سایر رنگ‌ها موجود میباشد✅ 
کارشناس فروش خانم افشار   ☎️",2026-09-09T21:22:44.853378
gaheiA7D,https://divar.ir/v/gaheiA7D,ساینا مدل ۹۹,۸ ساعت پیش در تهران، اکباتان، میدان شهید علی‌وردی,tehran، ekbatan,۱۳۴۰۰۰,134000,۱۳۹۹ - ۲۰۲۰,سفید,ساینا دنده‌ای EX,دنده‌ای,بنزین,"‏۹۶۵,۰۰۰,۰۰۰ تومان",965000000,سالم,سالم و پلمپ,سالم و پلمپ,سالم و بی‌خط و خش,سالم و پلمپ,"ماشین کاملا بیرنگ 
فقط نوک کاپوت یک تیکه لیسه داره
پشت چراغ ترک نداره
لاستیک ۸۰ درصد بیمه ۷ ماه
شیشه دودی
مصرفی ها سر تایم عوض شده
ماشین خونگی بوده مناسب مصرف کننده
معاوضه ندارم فقط فروش",2026-09-09T21:22:53.279698
ga3IaiAL,https://divar.ir/v/ga3IaiAL,ساینا اس S تکسوز / دوگانهGx/ اتومات صفر فول 1405,۲ ماه پیش در تهران، تهرانسر شرقی، بلوار شهدای کمیته انقلاب,tehran، tehransar,۰,0,۱۴۰۵ - ۲۰۲۶,سفید,ساینا GX,دنده‌ای,دوگانه‌سوز شرکتی,"‏۱,۰۰۰ تومان",1000,سالم,سالم و پلمپ,سالم و پلمپ,سالم و بی‌خط و خش,سالم و پلمپ,":کارشناس فروش 

☎️ خانم توکلی ☎️

⚜️ صـداقـت مـا اعـتبـار مـاسـت ⚜️
لطفاً توجه بفرمایید قیمت اعلامی ما به شما قطعی و واقعی می باشد و در مجموعه ما به هیچ عنوان برای جذب مشتری قیمـت کاذب داده نـمیشـود ‌.

◀️ امکان رویت و کارشناسی خودرو قبل از هرگونه پرداختی 
◀️ تحویل خودرو آنی و مستقیم از اداره تحویل سایپا
◀️ هنگام خرید هیچگونه تغییر قیمت نخواهید داشت بدون هزینه های جانبی اعم از کمیسیون ، مالیات ، عوارض و...

⬇️ خودروی فوق دارای آپشن‌های شرکتی زیر میباشد :

⭐ پارس خودرویی ، رینگ اسپرت
⭐ استاندارد 85 گانه ، سنسور باد ، موتور ارتقا یافته 
⭐ فرمون D ، صفحه کیلومتر جدید
⭐ قفل مرکزی با ریموت کنترل ، صندوق پران
⭐ 4 شیشه و آینه های جانبی برقی
⭐ سوییچ تاشو ، دریچه گاز برقی 
⭐ سنسور پارک دنده عقب 
⭐ دیلایت و اتولایت 

✅ فروش نقدی ، صفر خشک ، سند آزاد
✅ یکسال بیمه شخص ثالث
✅ 3 سال گارانتی تا 60 هزار کیلومتر 
✅ یکسال بیمه بدنه با 70% تخفیف

ساعت تماس : 9 صبح الی 21
☎️( خانم توکلی )☎️

آدرس: تهرانسر _ انتهای بلوار گلها سر 65متری فتح ـ ابتدای ورودی پارکینگ گلها _ سمت چپ { سریر خودرو }",2026-09-09T21:23:44.971995
gaf-bV7Z,https://divar.ir/v/gaf-bV7Z,ساینا سند تک برگ,دیروز در تهران، امیرآباد، خ مریم,tehran، amir-abad,۱۳۰۰۰۰,130000,۱۳۹۶ - ۲۰۱۷,طوسی,ساینا دنده‌ای EX,دنده‌ای,بنزین,"‏۸۳۵,۰۰۰,۰۰۰ تومان",835000000,سالم,سالم و پلمپ,سالم و پلمپ,سالم و بی‌خط و خش,سالم و پلمپ,"سقف؛ کاپوت و درب صندوق آفتاب سوختگی دارد

فروش فقط نقد
با هیچ چیزی معاوضه ندارم

چهار حلقه لاستیک نو

تمام آپشن‌ها سالم 
کولر و جلوبندی سالم
برق بی ایراد

موتور پلمپ

سند تک برگ و از اول دست خودم بوده

کیلومتر واقعی",2026-09-09T21:25:21.255097
gaMqQuea,https://divar.ir/v/gaMqQuea,ساینا مدل ۱۴۰۳ نقد اقساط تا ۳۶ ماه,۲ هفته پیش در تهران، بهاران، خ ادهمی,tehran، baharan,۸۰۰۰,8000,۱۴۰۳ - ۲۰۲۴,سفید,ساینا دنده‌ای S,دنده‌ای,بنزین,"‏۶۴۰,۰۰۰,۰۰۰ تومان",640000000,سالم,سالم و پلمپ,سالم و پلمپ,سالم و بی‌خط و خش,سالم و پلمپ,"ساینا مدل ۱۴۰۱ تا ۱۴۰۵ موجود 

| نقد • اقساط • معاوضه

 اقساط بانکی بدون نیاز به ضامن

 اقساط ۱۲ تا ۳۶ ماهه

 حداقل پیش‌پرداخت ۶۰٪

 سند به نام خریدار

 انواع خودروهای صفر و کارکرده

 معاوضه انواع خودرو با خودرو

 خرید خودرو با شرایط عالی

 هر خودرویی که بخواید، نقد و اقساط موجود داریم

 جهت استعلام قیمت و شرایط، تماس بگیرید

 دنیا خودرو
کارشناس :اقای عرب",2026-09-09T21:25:32.353728
gaaUazBa,https://divar.ir/v/gaaUazBa,ساینا S تحویل فوری / صفر نمایندگی,۳ ماه پیش در تهران، صادقیه,tehran، sadeghiyeh,۰,0,۱۴۰۵ - ۲۰۲۶,سفید,ساینا دنده‌ای S,دنده‌ای,بنزین,"‏۱,۱۳۵,۰۰۰,۰۰۰ تومان",1135000000,سالم,سالم و پلمپ,سالم و پلمپ,سالم و بی‌خط و خش,سالم و پلمپ,"میلاد خودرو غرب 

عضو رسمی اتحادیه صنف خودرو 

با کد ثبتی:(۶۰۹۲۴۴)

با ۱۵ سال سابقه درخشان در غرب تهران

نمایندگی فروش تمامی محصولات 

سایپا / پارس خودرو/ ایرانخودرو / کرمان خودرو / مدیران خودرو / بهمن خودرو و تمامیه (خودروهای مونتاژ)

☑️امکان خرید به صورت نقد و اقساط
☑️تحویل خودرو ۱ ساعته 
☑️امکان کارشناسی خودرو قبل از تسویه مبلغ 
☑️امکان نصب تمامی آپشن ها با گارانتی شرکتی
☑️تمامی خودروها دارای ۱ سال بیمه شخص ثالث و ۷۰٪ تخفیف بیمه بدنه میباشد

❌تخفیف ویژه پای معامله❌

☑️تنوع رنگ در تمامی خودروها
☑️سند آزاد، هزینه ی انتقال سند به عهده نمایندگی میباشد
☑️خرید خودرو خود را در میلاد خودرو بدون واسطه انجام دهید
☑️امکان خرید طلا،شمش،دلار/یورو به قیمت بازار

کارشناس فروش جهت راهنمایی
‍♀️خانم مقصودی",2026-09-09T21:26:29.832171
QaW7aKX9,https://divar.ir/v/QaW7aKX9,ساینا دنده /دوگانه/صفر خشک/تحویل روز/نمایندگی۴۰۵,۵ ماه پیش در تهران، صادقیه,tehran، sadeghiyeh,۰,0,۱۴۰۵ - ۲۰۲۶,سفید,ساینا دنده‌ای S,دنده‌ای,بنزین,"‏۱,۰۴۰,۰۰۰,۰۰۰ تومان",1040000000,سالم,سالم و پلمپ,سالم و پلمپ,سالم و بی‌خط و خش,سالم و پلمپ,"✨اریس صنعت خودرو عضو رسمی اتحادیه با کدرسمی ثبتی 

نماینده رسمی محصولات فروش
مدیران خودرو/کرمان موتور/سایپا/ایرانخودرو/بهمن موتور/فروش نقدی
با ۱۸سال سابقه درخشان فروش در غرب تهران
تحویل درب منزل یا نمایندگی به درخواست مشتری
✅️""امکان رویت و کارشناسی قبل تسویه مبلغ خودرو
✅️هزینه کارشناسی به عهده نمایندگی میباشد
✅️تمامی خودرو ها دارای یکسال بیمه شخص ثالث
✅️۸۰درصد تخفیف بیمه بدنه
✅️گارانتی فول شرکتی
✅️تنوع رنگ ها در همه خودرو ها
✅️هزینه تنظیم سند ووکالت به عهده نمایندگی
✅️تمامی خودرو ها به صورت سفارشی موجود میباشد
✅️تمامی خودرو ها تا ۲۴ساعت مهلت کارشناسی دارد
✅️طلا،سکه.دلار.تتر.به قیمت خرید از شما دریافت می‌شود 
 
امکان فروش تعداد برای تمامی شرکت ها و ارگان های دولتی",2026-09-09T21:27:38.222711
gah6R0Ei,https://divar.ir/v/gah6R0Ei,ساینا مدل آخر ۹۸دوگانه,۹ ساعت پیش در تهران، شهرک شریفی,tehran، shaharak-e-sharifi,۶۶۰۰۰,66000,۱۳۹۸ - ۲۰۱۹,سفید,ساینا GXL دوگانه سوز,دنده‌ای,دوگانه‌سوز شرکتی,"‏۱,۱۸۰,۰۰۰,۰۰۰ تومان",1180000000,سالم,سالم و پلمپ,سالم و پلمپ,سالم و بی‌خط و خش,سالم و پلمپ,"سلام ساینا مدل ۹۸کاملا بدون رنگ ب شرط کارشناسی کارکرد 66تا،بیمه تا اخر سال ۴تا لاستیک نو.رینگ اسپرت.دوگانه سوز(که روی ۵۸هزار گازسوز شده)شیشه دودی.اینه برقی راهنما دار.روکش vip.هدلایت.سیستم صوتی حرفه ای.دزد گیر تصویری.نمد کاپوت.کفشپوش چرم گیلان.روغن گیربکس شمع وایر باطری موتور فن نو با ضمانت.
دوستان برای ماشین هزینه شده و لوازم روش هست خواهشا قیمت ندید با لوازم فروخته میشه و با ساینا اس و ساینا های ترکیده مقایسه نکنین ماه بعد با این قیمت پرایدم نمیتونی بخری،چراغای کارخونه با تاریخ روشه
ماشین کارمندیه و کلا هفته ای دو بار از خونه رفتم مهراباد سر شیفت و‌برگشتم.",2026-09-09T21:27:45.799875
QabPIbNy,https://divar.ir/v/QabPIbNy,ساینا دنده‌ای S مدل ۱۴۰۴,۵ ماه پیش در تهران، تهرانپارس غربی,tehran، west-tehranpars,۰,0,۱۴۰۴ - ۲۰۲۵,سفید,ساینا دنده‌ای S,دنده‌ای,بنزین,"‏۸۵۰,۰۰۰,۰۰۰ تومان",850000000,سالم,سالم و پلمپ,سالم و پلمپ,سالم و بی‌خط و خش,سالم و پلمپ,"✨ یه فرصت عالی برای ماشین‌دار شدن با خیال راحت
 صفر کیلومتر – مدل ۱۴۰۴- تحویل روز

✅ هم نقدی داریم، هم اقساطی با شرایط راحت 
 فقط با ۵۰٪ الی ۶۰٪ پیش‌پرداخت
 اقساط از ۶ ماهه تا ۳ ساله
✅اقساط رو طوری حساب می‌کنیم که راحت باشی 
✅قیمت‌ها کاملاً واقعی از کارخانه ، نه قیمتِ تبلیغاتی

اگه فقط یه تماس بگیری، همه‌ی شرایط رو شفاف برات توضیح می‌دم 

 مشاوره رایگان
✨ یه تماس، یه قدم تا خرید مطمئن و آسون
لبخند رضایت شما از شرایط خرید ضمانت کاری ماست.
منتظرتم 
کارشناس فروش نیلوفر سبزی",2026-09-09T21:28:43.775085
gaw5HKhD,https://divar.ir/v/gaw5HKhD,تحویل فوری ساینا اس با اقساط ۴ ساله بدون ضامن,ماه پیش در تهران، بهاران، بلوار کوهسار,tehran، baharan,۰,0,۱۴۰۱ - ۲۰۲۲,سفید,ساینا دنده‌ای S,دنده‌ای,بنزین,"‏۵۰۰,۰۰۰,۰۰۰ تومان",500000000,سالم,سالم و پلمپ,سالم و پلمپ,سالم و بی‌خط و خش,سالم و پلمپ,"دنیا خودرو | خرید مطمئن، شرایط آسان

 فروش نقد و اقساط خودروهای داخلی و وارداتی
از خودروهای صفر تا کارکرده با شرایط متنوع و قابل تنظیم برای شما

✅ فروش نقدی و اقساطی ۱ تا ۳ ساله
✅ حداقل پیش‌پرداخت ۶۰٪ ارزش خودرو
✅ سند از ابتدا به نام خریدار
✅ اولین چک ۶۰ روز پس از تحویل خودرو
✅ امکان تسویه زودتر از موعد
✅ امکان بازدید و کارشناسی خودرو قبل از پرداخت پیش‌پرداخت
✅ فروش و ارسال خودرو به سراسر ایران 
✅ بدون هزینه‌های پنهان

 قیمت روز + شرایط اقساط + مشاوره رایگان

⏳ تعداد خودروها و ظرفیت فروش اقساطی محدود است؛ اگر خودروی موردنظرتان را پیدا کردید، فرصت را از دست ندهید!

 برای استعلام قیمت و دریافت شرایط اقساط همین حالا تماس بگیرید.

 کارشناس فروش: آقای تاج‌الدینی

 نمایشگاه دنیا خودرو
شهران شمالی، بلوار کوهسار، بین خیابان هاشمی‌زاده و نعمت‌الهی",2026-09-09T21:29:45.598884
gahax0KP,https://divar.ir/v/gahax0KP,ساینا ex مدل 99,۹ ساعت پیش در تهران، تهرانپارس شرقی، خ روح الهی,tehran، east-tehranpars,۱۱۲۰۰۰,112000,۱۳۹۹ - ۲۰۲۰,سفید,ساینا دنده‌ای EX,دنده‌ای,بنزین,"‏۹۸۰,۰۰۰,۰۰۰ تومان",980000000,سالم,سالم و پلمپ,سالم و پلمپ,سالم و بی‌خط و خش,سالم و پلمپ,"ساینا مدل۹۹ کم کار 
فنی سالم،شاسی عقب و جلوپلمپ ، بدون رنگ 
مانیتور اندروید دوربین دنده عقب ، ساب و امپلی 
چهار حلقه لاستیک ۸۰تا ۹۰ درصد",2026-09-09T21:29:53.947190
gahyBVlW,https://divar.ir/v/gahyBVlW,ساینا sدنده ای و ساینا دوگانه ۴۰۴و۴۰۵ صفر خشک,۹ ساعت پیش در تهران، توحید، خ ستارخان,tehran، tohid,۰,0,۱۴۰۴ - ۲۰۲۵,سفید,ساینا دنده‌ای S,دنده‌ای,بنزین,"‏۱,۰۴۰,۰۰۰,۰۰۰ تومان",1040000000,سالم,سالم و پلمپ,سالم و پلمپ,سالم و بی‌خط و خش,سالم و پلمپ,"□ تحـویـل، فـوری فـوری درجـا، همان لحظـه...✓
□□ رویت و تحویل خودرو قبل از پرداخت وجه...✓
□□□ تمامی خودورها شامل گارانتی و بیمه...✓
□□□□ ۲۴ ساعـت مهلــت کارشناسی خودرو...✓
□□□□□□□ هزینه انتقال سند به عهده نمـاینــدگی...✓
□□□□□□□□□□□ خودرو صفر خشکــ.....✓
___
□
■■جهت اطلاع بیشتر با کارشناس فروش ما
در تماس باشید ، 
کار شناس فروش :خانم اسماعیل پور
فروش تمامی خودرو های سایپا ♧ ایران خودرو ☆
کرمان موتور ♡ بهمن ◇ فردا موتور ○ دیار خودرو □
پارس خودرو ♤ )",2026-09-09T21:30:46.234125
QabPVpHq,https://divar.ir/v/QabPVpHq,ساینا تک/دوگانه سوز،تحویل فوری,۵ ماه پیش در تهران، صادقیه,tehran، sadeghiyeh,۰,0,۱۴۰۵ - ۲۰۲۶,سفید,ساینا دنده‌ای S,دنده‌ای,بنزین,"‏۱,۲۷۱,۰۰۰,۰۰۰ تومان",1271000000,سالم,سالم و پلمپ,سالم و پلمپ,سالم و بی‌خط و خش,سالم و پلمپ,"✨پارسیان خودرو سانا✨
کد ثبت نمایندگی:۶۰۴۹۴۴
✅نمایندگی رسمی محصولات مدیران خودرو،کرمان موتور،سایپا،ایران خودرو،بهمن موتور،پارس خودرو،فردا موتور

✅️با بیش از ۱۵ سال سابقه درخشان
✅️فروش نقد و اقساط تمام خودرو ها
✅امکان رویت خودرو قبل از واریز وجه
✅رنگ بندی تولید کارخانه موجود است
✅سند آزاد و قابل انتقال
✅تحویل فوری خودرو
✅مهلت ۲۴ ساعته برای کارشناسی خودرو 
✅شامل ۷۰درصد تخفیف بیمه بدنه

قیمت های واقعی را از ما بخواهید

⚜آماده عقد قرارداد با تمامی اورگان های دولتی و خصوصی⚜

برای اطلاعات بیشتر با کارشناسان ما در ارتباط باشید

کارشناس فروش شما: خانم بشیری


⏰ساعت کاری مجموعه:۹صبح الی ۱۸/پنج شنبه ها تا ۱۴",2026-09-09T21:30:54.672053
gahiR2PJ,https://divar.ir/v/gahiR2PJ,ساینا مدل ۹۸ بدون رنگ,۹ ساعت پیش در تهران، تهرانپارس شرقی,tehran، east-tehranpars,۱۰۸۰۰۰,108000,۱۳۹۸ - ۲۰۱۹,سفید,ساینا دنده‌ای EX,دنده‌ای,بنزین,"‏۹۰۰,۰۰۰,۰۰۰ تومان",900000000,سالم,سالم و پلمپ,سالم و پلمپ,سالم و بی‌خط و خش,سالم و پلمپ,"ساینا ۹۸ بدون رنگ بدون تصادف

معاوضه با پراید سالم هم میزنم

بدنه بدون رنگ
بدون تصادف
بیمه ۶ماه

لاستیک خوب
فنی به شرط

شاسی ها بدکن ضربه و بدون ترک


جلوی ماشین سپر به جدول خورده ایربگ باز شده 
قیمت مناسب گذاشتم زود بفروشم",2026-09-09T21:31:49.046560
gaCtA6gB,https://divar.ir/v/gaCtA6gB,ساینا S/ دوگانه / تحویل فوری,۲ ماه پیش در تهران، صادقیه، خ سازمان آب,tehran، sadeghiyeh,۰,0,۱۴۰۵ - ۲۰۲۶,سفید,ساینا دنده‌ای S,دنده‌ای,بنزین,"‏۱,۰۸۰,۰۰۰,۰۰۰ تومان",1080000000,سالم,سالم و پلمپ,سالم و پلمپ,سالم و بی‌خط و خش,سالم و پلمپ,"✅اتو گالری اهورا✅

✓با ۲۰سال سابقه درخشان در غرب تهران
دارای جواز کسب و تاییدیه اتحادیه 
✓آسودگی درخرید،فروش و سرعت در تحویل 

✓فروش بدون واسطه ,بدون هزینه اضافی

✓امکان رویت و تحویل خودرو قبل از پرداخت
 وجه
✓۲۴ساعت مهلت کارشناسی خودرو

✓سندآزاد و هزینه انتقال سندبه عهده ما می‌باشد

✓۷۰درصد تخفیف بیمه بدنه

✓امکان نصب تمامی آپشن های خودرو به صورت سفارش شرکت آپکو (با بهترین کیفیت و نازلترین و معتبرترین برند روز)صورت میگیرد.

✓تنوع رنگ در همه خودروها

✓هزینه تنظیم وکالت (صفرتاصد)به عهده ماست.

✓خرید و فروش تمامی خودروهای روز دنیا

✅کارشناس فروش خانم سپهری
بابت اطلاعات بیشتر لطفاً تماس بگیرید",2026-09-09T21:31:55.336709
gab2bUl_,https://divar.ir/v/gab2bUl_,ساینا S دنده ای مدل 1401,۴ روز پیش در تهران، ظفر، خ دستگردی,tehran، zafar,۱۳۰۰۰۰,130000,۱۴۰۱ - ۲۰۲۲,سفید,ساینا دنده‌ای S,دنده‌ای,بنزین,"‏۹۹۵,۰۰۰,۰۰۰ تومان",995000000,سالم,سالم و پلمپ,سالم و پلمپ,سالم و بی‌خط و خش,سالم و پلمپ,"کد آگهی: 335463

ساینا S مدل 1401
تک برگ سند
بدنه بدون رنگ و بتونه
درب و گلگیر جلو سمت راننده صافکاری و لیسه گیری دارد
سینی و شاسی های عقب و جلو سالم
بدون ضعف ، ترک و جوش
فنی سالم و بدون ایراد
داخل کابین مرتب

همراه با کارشناسی رایگان کارنامه در زمان بازدید و ضمانت جبران خسارت تا سقف 1 میلیارد و 200 میلیون تومان

دستیار معاملات کارنامه : امیررضا ایزدی فر",2026-09-09T21:33:46.610331
gaWG2nJ_,https://divar.ir/v/gaWG2nJ_,سایناs 1403,هفته پیش در تهران، دهقان، خ کلاهدوز,tehran، dehqan,۴۰۳۵۹,40359,۱۴۰۳ - ۲۰۲۴,سفید,ساینا دنده‌ای S,دنده‌ای,بنزین,"‏۱,۲۱۰,۰۰۰,۰۰۰ تومان",1210000000,سالم,سالم و پلمپ,سالم و پلمپ,خط و خش جزیی,سالم و پلمپ,"سلام 
یک دستگاه ساینا s 
۸۵ گانه استاندارد اپشن ها فعال گارانتی فعال 
بیمه تا اخر برج ۹ بدون رنگ تعویض و...
خط و خش جزئی دارد 
یه کف دست صافکاری گلگیر پشت راننده
برگه کارشناسی موجود عبادی اخرین عکس
تخفیف بابت ۶ ماه بیمه",2026-09-09T21:33:56.963398
gatFLcZ_,https://divar.ir/v/gatFLcZ_,ساینا اس S دنده ای تکسوز * دوگانه   مدل1404 و 1405,ماه پیش در تهران، تهران‌ویلا,tehran، tehranvila,۰,0,۱۴۰۴ - ۲۰۲۵,سفید,ساینا دنده‌ای S,دنده‌ای,بنزین,"‏۱,۱۴۰,۰۰۰,۰۰۰ تومان",1140000000,سالم,سالم و پلمپ,سالم و پلمپ,سالم و بی‌خط و خش,سالم و پلمپ,"نمایشگاه اتومبیل کاسپین
                  
  {نـمایندگی فـروش سایپا ایران‌خودرو مدیران}

✅ امکان بازدید قبل از پرداخت
✅ تحویل روز 

✅بدون کمیسیون و کارمزد 
✅ آپشن و امکانات اضافه به قیمت نمایندگی
  
✅ گارانتی کامل و یکسال بیمه شخص ثالث 
✅ 70 درصد تخفیف بیمه بدنه

✅ سند آزاد
✅ارائه بروزترین و آخرین ماه تولید شده توسط کارخانه",2026-09-09T21:34:52.608935
gaulOoPh,https://divar.ir/v/gaulOoPh,سایناs مدل ۱۴۰۴ کم کار درحدصفر,ماه پیش در تهران، فرمانیه، خ پاسداران,tehran، farmaniyeh,۷۰۰۰,7000,۱۴۰۴ - ۲۰۲۵,سفید,ساینا دنده‌ای S,دنده‌ای,بنزین,"‏۱,۰۰۰ تومان",1000,سالم,سالم و پلمپ,سالم و پلمپ,سالم و بی‌خط و خش,سالم و پلمپ,"ساینا s 
مدل ۱۴۰۴ 
بدون رنگ 
فنی سالم 
به شرط کارشناسی 
شیشه دودی",2026-09-09T21:35:59.360642
gahCBJP5,https://divar.ir/v/gahCBJP5,فروش نقد و اقساط ساینا 1405 تحویل فوری,۱۰ ساعت پیش در تهران، دژکام، خ هفده شهریور,tehran، dezhkam,۰,0,۱۴۰۵ - ۲۰۲۶,سفید,ساینا دنده‌ای S,,بنزین,"‏۷۴۰,۰۰۰,۰۰۰ تومان",740000000,تعیین‌نشده,تعیین‌نشده,تعیین‌نشده,سالم و بی‌خط و خش,,"با احترام
فروش نقد و اقساط انواع خودروهای ایرانی،چینی و وارداتی
با اقساط بانکی بلند مدت از 6 الی 36 ماه
تحویل فوری
سند بنام شما در رهن بانک
بازدید و کارشناسی خودرو پیش از عقد قرارداد
برای اطلاع از شرایط خودروهای موجود در نمایشگاه تماس بگیرید.

یک ساله:
740 م پیش پرداخت اقساط هر 3 ماه یکبار 268م

دوساله:
799م پیش پرداخت اقساط هر 3 ماه یکبار 150م

سه ساله:
850م پیش پرداخت اقساط هر 3 ماه یکبار 112م",2026-09-09T21:36:06.207708
gah-AJCY,https://divar.ir/v/gah-AJCY,سایناs1403,۱۰ ساعت پیش در تهران، نجات اللهی، خ شاهرود,tehran، nejatollahi,۱۸۰۰۰,18000,۱۴۰۳ - ۲۰۲۴,سفید,ساینا دنده‌ای S,دنده‌ای,بنزین,"‏۱,۲۵۰,۰۰۰,۰۰۰ تومان",1250000000,سالم,سالم و پلمپ,سالم و پلمپ,سالم و بی‌خط و خش,سالم و پلمپ,روکش صندلی و کف پایی دارد,2026-09-09T21:36:15.389466
gaVxfIRs,https://divar.ir/v/gaVxfIRs,ساینا تک/دوگانه خشک *1405 تحویل روز,ماه پیش در تهران، صادقیه,tehran، sadeghiyeh,۰,0,۱۴۰۵ - ۲۰۲۶,سفید,ساینا دنده‌ای S,دنده‌ای,بنزین,"‏۱,۱۸۰,۰۰۰,۰۰۰ تومان",1180000000,سالم,سالم و پلمپ,سالم و پلمپ,سالم و بی‌خط و خش,سالم و پلمپ,"آرکا خودرو غرب
عاملیت مجاز محصولات ایران خودرو ، پارس خودرو،سایپا، بهمن موتور، مدیران خودرو و….
فروش نقدی ❗️اقساط نداریم
✔️با بیش از 15سال سابقه در اتحادیه خودرو
✔️معاوضه خودرو کارکرده با صفر به قیمت کارشناسی
✔️کارانتی فعال شرکتی
امکان رویت خودرو قبل از واریز وجه✅
⭕️تحویل یک ساعته فوری با پلاک به شرط کارشناسی
⭕️تخفیف ۷۰٪ بیمه بدنه
⭕️رنگ بندی موجود
⭕️تخفیف پای قرار داد با مدیر فروش
امکان قرار داد با شرکت وارکان های دولتی با پیش فاکتور
✅نصب آپشن شرکتی زیر نظر نمایندگی
✅ معاف ازپرداخت کارمزد/کمیسیون/هزینه تنظیم سند
✅ساعت کاری: ۸ الی ۱۸
! معاوضه خودرو کارکرده شما با خودرو صفر و خشک !
* ارتباط مستقیم با خانم عباسی",2026-09-09T21:37:22.966505
gaT-vdxd,https://divar.ir/v/gaT-vdxd,ساینا s اتومات  402,هفته پیش در تهران، دیلمان,tehran، deylaman-rey,۴۳۰۰۰,43000,۱۴۰۲ - ۲۰۲۳,سفید,ساینا S اتومات,اتوماتیک,بنزین,"‏۱,۳۶۰,۰۰۰,۰۰۰ تومان",1360000000,سالم,سالم و پلمپ,سالم و پلمپ,سالم و بی‌خط و خش,سالم و پلمپ,ماشین تحویل اخر برج 12 هست ماشین دوم خونه هست یکسره خواب هست کارکرد 43000 تا تمام مصرفی ها به موقع عوض شده لاستیک ۸۰ درصد بیمه تا اخر برج ۱۲ زاپاس زیرش نرفته ماشین عروسک سوااری به شرط کولر یخچال معاوضه ندارم  یا علی,2026-09-09T21:38:23.440600
Qa3bhzwq,https://divar.ir/v/Qa3bhzwq,ساینا S مدل ۱۴۰۵ تحویل آنی,۴ ماه پیش در تهران، توحید، خ ستارخان,tehran، tohid,۰,0,۱۴۰۵ - ۲۰۲۶,سفید,ساینا دنده‌ای S,دنده‌ای,بنزین,"‏۱,۲۸۰,۰۰۰,۰۰۰ تومان",1280000000,سالم,سالم و پلمپ,سالم و پلمپ,سالم و بی‌خط و خش,سالم و پلمپ,"⚜️نمایندگی مجاز مارال خودرو ⚜️

       
               کد ثبت انحصاری ( 558512 ) 

 فروش خودروهای صفر داخلی و خارجی.   

✅چندین سال سابقه ی فروش درخشان در تهران 

✅فروش بصورت نقدی و تحویل فوری 

✅ فروش محصولات ایران خودرو ٫ سایپا ٫ مدیران خودرو ٫ گروه بهمن و …

✅ امکان رویت و کارشناسی قبل از تسویه مبلغ خودرو 
✅ تنوع در انتخاب رنگ 
✅ یکسال بیمه رایگان و ۸۰ درصد تخیف بیمه بدنه
✅ تمامی خودروهای سفارش مدیران موجود میباشد
✅ ترخیص خودرو در کمتر از یک ساعت و تحویل در نمایندگی یا درب منزل مشتری با کفی خودرو بر  

✅ جهت استعلام و خرید با کارشناس های فروش تماس حاصل فرمایید.
 
✅ در صورت عدم پاسخگویی بصورت حضوری مراجعه فرمائید.

کارشناس فروش : خانم اکبری

با تشکر از اعتماد و انتخاب شما از مجموعه مـارال خـودرو",2026-09-09T21:38:35.073953
gaJQqFJD,https://divar.ir/v/gaJQqFJD,ساینا s صفر کیلومتر مدل 1404.1405 تحویل فوری,۳ ماه پیش در تهران، صادقیه، خ پانزدهم غربی,tehran، sadeghiyeh,۰,0,۱۴۰۴ - ۲۰۲۵,سفید,ساینا دنده‌ای S,دنده‌ای,بنزین,"‏۱,۳۱۰,۰۰۰,۰۰۰ تومان",1310000000,سالم,سالم و پلمپ,سالم و پلمپ,سالم و بی‌خط و خش,سالم و پلمپ,"⚜️ تکران صنعت خودرو با بیش از ۱۵ سال سابقه درخشان و عضو رسمی اتحادیه با کد نمایندگی ۶۷۷۰۷۹⚜️
⭐️ سند آزاد و هزینه انتقال سند بر عهده نمایندگی است. 

 شرایط فروش ویژه:
✔️ فروش نقدی و تحویل فوری
✔️امکان خرید طلا،شمش،دلار، یورو،به قیمت روز بازار
✔️ ۲۴ ساعت مهلت کارشناسی و رویت خودرو قبل از تسویه
✔️ امکان معاوضه با خودروهای صفر و کارکرده
✔️ تسویه پس از تحویل و تایید کارشناس شما
✔️ بدون واسطه، خرید مطمئن و شفاف
✔️تحویل خودرو درب منزل شما یا درب نمایندگی به درخواست شما امکان پذیر است.

کارشناس فروش شما :خانم حسنی 

☎️ برای اطلاعات بیشتر و دریافت قیمت لحظه ایی خودرو، لطفاً باکارشناس فروش تماس بگیرید در صورت مشغول بودن خطوط فروش به صورت حضوری مراجعه نمایید.",2026-09-09T21:39:30.822473
ga4Jz_86,https://divar.ir/v/ga4Jz_86,فروش اقساطی خودرو ساینا s,ماه پیش در تهران، جهاد، میدان جهاد,tehran، jahad,۰,0,۱۴۰۵ - ۲۰۲۶,سفید,ساینا دنده‌ای S,دنده‌ای,بنزین,"‏۱,۱۸۰,۰۰۰,۰۰۰ تومان",1180000000,سالم,سالم و پلمپ,سالم و پلمپ,سالم و بی‌خط و خش,سالم و پلمپ,"60 درصد پیش پرداخت تا 24 ماه اقساط
امکان خرید نقد واقساط بدون ضامن
اقساط بلند مدت
سند بنام
تحویل آنی
تمام خودروهای داخلی و خارجی
مشاوره و استعلام رایگان
برای اطلاع ازشرایط،مبلغ اقساط و موجودی خودرو تماس بگیرید.",2026-09-09T21:39:42.975655
gaNCW6zx,https://divar.ir/v/gaNCW6zx,/ساینا S و GX دوگانه,۲ هفته پیش در تهران، صادقیه، خ ستارخان,tehran، sadeghiyeh,۰,0,۱۴۰۵ - ۲۰۲۶,سفید,ساینا GX,دنده‌ای,بنزین,"‏۱,۰۹۰,۰۰۰,۰۰۰ تومان",1090000000,سالم,سالم و پلمپ,سالم و پلمپ,سالم و بی‌خط و خش,سالم و پلمپ,"⭐ ● DIACO KHODRO ● ⭐
 ⚪⚪عاملیت فروش دیـاکو خـودرو⚪⚪
با کد رسمی ۶۱۹۴۷۷
امنیت در خرید ، فوریت در تحویل

⚫️تحویـل آنی# همان لحظــه
⚫️با بیش از ۱۰ سال ســابقـه درخشان
⚫️فروش بدون واسطه، بدون هزینه اضافی ↘️↘️↘️••
⚫️امکان رویت و تحویل خودرو قبل از پرداخت وجه✔
⚫️۲۴ ساعت مهلت کارشناسی خودرو
⚫️سند آزاد و هزینه تنظیم سند به عهده نمایندگی میباشد
__________________________________________
⬇️⬇️ارتباطِ مستقیم و مشاوره با کارشناسان فروش⬇️⬇️
درصورت عدم پاسخ‌گویی مسئولین فروش
بصورت حضوری مراجعه فرمایید، تشکر
__________________________________________
کارشناس  فروش : خانم جعفری",2026-09-09T21:40:38.809100
gad-wf9t,https://divar.ir/v/gad-wf9t,ساینا S/ مدل 1400 تا 1405/ اقساط بلند مدت.,۳ روز پیش در تهران، باغ فیض، خ ضیائی,tehran، bagh-feyz,۰,0,۱۴۰۰ - ۲۰۲۱,سفید,ساینا دنده‌ای S,دنده‌ای,بنزین,"‏۷۵۰,۰۰۰,۰۰۰ تومان",750000000,سالم,سالم و پلمپ,سالم و پلمپ,سالم و بی‌خط و خش,,"خودروی موردنظرت رو بخر؛ حتی اگر بخشی از مبلغش رو نداری!

 تامین حداکثر ۵۵٪ الی ۶۰٪ کسری مبلغ خودرو به‌صورت اقساطی

خودروی موردنظر خودتان را پیدا کنید؛ ما برای تامین کسری مبلغ خرید در کنارتان هستیم.

 شرایط:
✅ اقساط ۶ تا ۶۰ ماه
✅ پرداخت هر ۳ ماه یک‌بار
✅ اولین قسط ۱۰۰ روز پس از تعویض پلاک
✅ ضمانت فقط با چک صیادی
✅ امکان تسویه زودتر با کسر سود مدت باقی‌مانده

 مزایا:
✅ سند شش‌دانگ به نام خریدار
✅ تحویل همزمان با پیش‌پرداخت
✅ تست رانندگی و کارشناسی قبل از خرید
✅ بیمه بدنه ۵ ساله
✅ بیمه شخص ثالث ۱۲ ماهه
✅ بدون هزینه جانبی خارج از توافق

⭐ اول خودرو را ببینید، کارشناسی کنید و بعد تصمیم بگیرید.

 اعتبار ما، رضایت مشتریان ماست.

 برای اطلاع از پیش‌پرداخت و مبلغ اقساط، تماس بگیرید.

ارادتمند شما
آقای هدایتی",2026-09-09T21:41:39.699762
ga20DEvy,https://divar.ir/v/ga20DEvy,ساینا دوگانه اقساطی تحویل آنی,۲ ماه پیش در تهران، توحید، خ نمازی دوم,tehran، tohid,۰,0,۱۴۰۴ - ۲۰۲۵,سفید,ساینا GXL دوگانه سوز,,دوگانه‌سوز شرکتی,"‏۶۴۰,۰۰۰,۰۰۰ تومان",640000000,سالم,تعیین‌نشده,تعیین‌نشده,سالم و بی‌خط و خش,,"انواع ماشین های ایرانی و خارجی و...
۱ـ سند به نام خریدار
۲ـ بدون ضامن
۳ـ پیش پرداخت همزمان با تحویل خودرو
۴ـ معاوضه خودرو کارکرده با صفر
۵ـ دفترچه اقساط بانکی
۶ـ بازپرداخت اقساط ۱۲ الی ۶۰ ماهه
۷ـ امکان تسویه زودتر از موعد با کاهش سود بانکی

شرایط اقساط تهران و شهرستان ها
برای اطلاعات بیشتر با کارشناس فروش تماس بگیرید
کارشناس فروش : خانوم زرین",2026-09-09T21:41:50.077485
ga0Zi6qt,https://divar.ir/v/ga0Zi6qt,ساینا‌S///تحویل‌فوری 1405,ماه پیش در تهران، ستارخان، خ پنجم,tehran، sattarkhan,۰,0,۱۴۰۵ - ۲۰۲۶,سفید,ساینا دنده‌ای S,دنده‌ای,بنزین,"‏۱,۱۲۵,۰۰۰,۰۰۰ تومان",1125000000,سالم,سالم و پلمپ,سالم و پلمپ,سالم و بی‌خط و خش,سالم و پلمپ,"فروش ویژه محصولات: ایران خودرو | سایپا | پارس خودرو | مدیران خودرو | کرمان موتور | بهمن موتور و…  ✅تمامی خودرو ها دارای یکسال بیمه شخص ثالث  ✅تنوع رنگ هادرهمه ای خودرو ها ✅تمامی خودروها به صورت سفارشی موجود می‌باشد  ✅70٪تخفیف بیمه بدنه  ✅ضمانت کارشناسی فنی،بدنه ‌رنگ خودرو  ✅تحویل یک ساعته  ✅ ✔صفر کیلومتر پلاک شده اماده تحویل ✅✔ شامل بیمه و گارانتی فعال شرکتی ✅✔ خروج خودرو مستقیم از پارکینگ نمایندگی  ✅✔امکان نصب تمامی آپشن ها  ✅️✅️سند تمامی ماشین هاآزاد است✅️✅️ برای اخذ اطلاعات بیشتر و هماهنگی تماس بگیرید 
خانم امانی",2026-09-09T21:42:45.562166
gapt9rtO,https://divar.ir/v/gapt9rtO,ساینا اسS /مدل 1405/صفر خشک/فول / تحویل فوری,ماه پیش در تهران، حر، خ کمالی,tehran، hor-square,۰,0,۱۴۰۵ - ۲۰۲۶,سفید,ساینا دنده‌ای S,دنده‌ای,بنزین,"‏۱۰,۰۰۰ تومان",10000,سالم,سالم و پلمپ,سالم و پلمپ,سالم و بی‌خط و خش,سالم و پلمپ,"❌❌ فـروش اقســاطـی نداریـم ❌❌

⬅️ قیمت قطعی و واقعی بدون افزایش قیمت به هر دلیلی ، بدون هزینه کمسیون 

⬅️ ⬅️ ⬅️ هنگام خرید هیچگونه تغییر قیمت نخواهد داشت

✅ یکسال بیمه شخص ثالث
✅ 3 سال گارانتی تا 60 هزار کیلومتر
✅ ۷۰ درصد تخفیف بیمه بدنه 

⬅️⬅️ نقدی پلاک شده صفر خشک

خودروی فوق دارای آپشن های شرکتی زیر می باشد:
⭐ دیلایت
⭐ ترمز ABS _ استاندارد ۸۵گانه
⭐ فرمان هیدرولیک_ فرمان دیکات
⭐ شیشه ها برقی
⭐️ موتور ارتقا یافته

☎️☎️ شماره تماس مستقیم خط ویژه  ( ساعت 8 الی 17 ))
ساعت تماس » 8 صبح الی 17:30
آدرس : خیابان جمهوری انتهای باستان جنوبی ابتدای کمالی نبش بن بست سعید پ 554",2026-09-09T21:43:51.416545
gaVWHlpW,https://divar.ir/v/gaVWHlpW,سایناSمدل۱۴۰۴بی رنگ نمایندگی سایپانظریان نقدواقساط,هفته پیش در تهران، بهار، خ دکتر شریعتی,tehran، bahar,۶۰۰۰,6000,۱۴۰۴ - ۲۰۲۵,سفید,ساینا دنده‌ای S,دنده‌ای,بنزین,"‏۱,۳۶۰,۰۰۰,۰۰۰ تومان",1360000000,سالم,سالم و پلمپ,سالم و پلمپ,سالم و بی‌خط و خش,سالم و پلمپ,"⭐️نمایندگی سایپا نظریان کد ۱۰۴۲
✨️اقساط تا ۲۴ ماه
✨️بدون ضامن و کارمزد
✨️معاوضه با خودرو شما
✨️تحویل آنی و یک روزه
✨️تمام مصرفی ها تعویض شده بدون یک ریال هزینه
بی رنگ به شرط کارشناسی شما
کارشناس فروش : بخشی",2026-09-09T21:44:55.930422
gadWAaq2,https://divar.ir/v/gadWAaq2,ساینا S صفر کیلومتر ( نقد و اقساط ) تحویل روز,۳ روز پیش در تهران، قیطریه، بلوار صبا,tehran، qeytariyeh,۰,0,۱۴۰۵ - ۲۰۲۶,سفید,ساینا دنده‌ای S,دنده‌ای,بنزین,"‏۱,۳۷۵,۰۰۰,۰۰۰ تومان",1375000000,سالم,سالم و پلمپ,سالم و پلمپ,سالم و بی‌خط و خش,سالم و پلمپ,"نمایشگاه معتبر با دو شعبه فعال

فروش نقدی و اقساطی تمامی خودروهای صفر ایرانی و وارداتی با شرایط متنوع اقساط از ۶ تا 36 ماه.

تحویل خودروها کاملاً فوری و بدون معطلی انجام می‌شود.

قیمت‌ها بر اساس نرخ روز بازار هست، نه بالاتر، نه پایین‌تر ✅

قیمت درج‌شده واقعی و قابل استعلام است.

در نمایشگاه ما تمامی خودروهای صفر از جمله ایرانی، چینی و مدل‌های وارداتی روز موجود است.

مشاوره حضوری و تلفنی برای انتخاب بهترین شرایط خرید در دسترس می‌باشد.

تحویل سریع، معامله مطمئن ✅
برای اطلاعات بیشتر تماس بگیرید",2026-09-09T21:46:00.012194
gaBAn0zj,https://divar.ir/v/gaBAn0zj,ساینا S تحویل فوری,۴ ماه پیش در تهران، صادقیه، فلکه دوم صادقیه,tehran، sadeghiyeh,۰,0,۱۴۰۴ - ۲۰۲۵,سفید,ساینا دنده‌ای S,دنده‌ای,بنزین,"‏۱,۱۲۰,۰۰۰,۰۰۰ تومان",1120000000,سالم,سالم و پلمپ,سالم و پلمپ,سالم و بی‌خط و خش,سالم و پلمپ,"نمایندگی صنعت خودرو ساعی با افتخار آماده ارائه خدمات فروش انواع خودرو با بهترین شرایط به مشتریان گرامی است
عضو رسمی اتحادیه صنف خودرو 
   ✅۳۰۷۸۱۸✅

رویای داشتن خودرویی مطمئن، باکیفیت و اقتصادی را با صنعت خودرو ساعی به واقعیت تبدیل کنید

نمایندگی فروش تمامی محصولات 

سایپا / پارس خودرو/ ایرانخودرو / کرمان خودرو / مدیران خودرو / بهمن خودرو و تمامیه (خودروهای مونتاژ)

☑️تحویل خودرو ۱ ساعته 
☑️امکان کارشناسی خودرو قبل از تسویه مبلغ 
☑️امکان نصب تمامی آپشن ها با گارانتی شرکتی
☑️تمامی خودروها دارای ۱ سال بیمه شخص ثالث و ۷۰٪ تخفیف بیمه بدنه میباشد

❌تخفیف ویژه پای معامله❌

☑️تنوع رنگ در تمامی خودروها
☑️سند آزاد، هزینه ی انتقال سند به عهده نمایندگی میباشد
☑️خرید خودرو خود را در صنعت خودرو ساعی بدون واسطه انجام دهید
☑️صنعت خودرو ساعی هیچ شعبه ای دیگری ندارد


کارشناس فروش جهت راهنمایی
‍♀️خانم کاظمی",2026-09-09T21:47:01.071147
gamxeqSz,https://divar.ir/v/gamxeqSz,ساینااس و جی ایکس مدل۱۴۰۵تحویل فوری صفر,ماه پیش در تهران، صادقیه، خ ستارخان,tehran، sadeghiyeh,۰,0,۱۴۰۵ - ۲۰۲۶,سفید,ساینا GXL دوگانه سوز,دنده‌ای,بنزین,"‏۱,۲۵۸,۰۰۰,۰۰۰ تومان",1258000000,سالم,سالم و پلمپ,سالم و پلمپ,سالم و بی‌خط و خش,سالم و پلمپ,"•خودرو طهرانی •
* نمایندگی فروش سایپا،ایران خودرو ، مدیران *
شماره ثبت:۶۵۵۳۷۵
{ فروش انواع خودروهای ایرانی و مونتاژی)
✅تحویل یک ساعته و فوری
✅امکان بازدید قبل از یرداخت
✅خودرو دارای کَارانتی و بیمه
✅70درصد تخفیف بیمه بدنه
✅سند ازاد
✅امکان معاوضه خودرو کارکرده وصفر
✅خودرو با برکه کارشناسی
 ✅۲۴ساعت مهلت کارشناسی
خانم همتی : کارشناس فروش
 خانم همتی
دفتر فروش خودرو طهرانی 
آدرس : فلکه اول صادقیه روبروی بانک مسکن جنب املاک پارسه پلاک ۱۱۱۸ طبقه اول واحد ۳
ساعت کاری ۸:۳۰ صبح تا ۵غروب",2026-09-09T21:48:04.076783
gaKqXBAS,https://divar.ir/v/gaKqXBAS,ساینا دوگانه اپشنال شرکتی /تحویل روز نمایندگی,۲ هفته پیش در تهران، صادقیه,tehran، sadeghiyeh,۰,0,۱۴۰۵ - ۲۰۲۶,سفید,ساینا GXL دوگانه سوز,دنده‌ای,دوگانه‌سوز شرکتی,"‏۱,۳۰۰,۰۰۰,۰۰۰ تومان",1300000000,سالم,سالم و پلمپ,سالم و پلمپ,سالم و بی‌خط و خش,سالم و پلمپ,"****تیام خودروپاسارگاد****
“عضو رسمی اتحادیه”
کد انحصاری 556413
《فروش محصولات ایران خودرو،سایپا،پارس خودرو،بهمن موتور،مدیران،کرمان موتور و ...》
●○کارشناس فروش: خانم کرمی○●
✔️۳شعبه فعال در غرب تهران✔️
✅ضمانت سلامت برگ کارشناسی pds
✅تحویل فقط به صورت نقدی و فوری
✅ سند آزاد ،قابل انتقال ، صفر خشک
✅حق کارشناسی تمامی تجهیزات خودرو قبل از تحویل و تسویه
✅️ 24 ساعت مهلت کارشناسی خودرو
✅️ بدون هزینه اضافی
✅تنوع رنگ ها در تمامی خودرو ها
✅امکان نصب کلیه آپشن های آپکویی با گارانتی ۲ ساله
✅امکان عقد قرارداد با کلیه ارگان ها و شرکت های دولتی و خصوصی به صورت تک و تعداد با نازل ترین قیمت
✅تخفیف ویژه پای قرارداد
✅خرید مستقیم بدون واسطه

⤵️برای کسب اطلاعات بیشتر با کارشناسان ما در ارتباط باشید

☎️ خانم کرمی☎️ 
تهران،ستارخان،بین چهارراه خسرو و پل یادگار،
پلاک 900
{تیام خودرو پاسارگاد}",2026-09-09T21:48:13.140539
gaMExq6d,https://divar.ir/v/gaMExq6d,ساینا اس صفر کیلومتر مدل ۱۴۰۴ و ۱۴۰۵ تحویل روز,۳ ماه پیش در تهران، فاطمی، خ دکتر فاطمی,tehran، north-karegar,۰,0,۱۴۰۵ - ۲۰۲۶,سفید,ساینا دنده‌ای S,دنده‌ای,بنزین,"‏۱,۰۰۰ تومان",1000,سالم,سالم و پلمپ,سالم و پلمپ,سالم و بی‌خط و خش,سالم و پلمپ,"اگه به دنبال خرید مستقیم ساینا اس صفر با استانداردهای جدید هستید، ما در نمایندگی سایپا رضایی (کد ۱۰۵۷) این خودرو را با شرایط ویژه برای شما آماده کرده‌ایم.

✅ مشخصات و شرایط خرید
- مدل‌های ۱۴۰۴ و ۱۴۰۵ صفر کیلومتر
- تحویل فوری و مستقیم از نمایندگی
- سند آزاد و بدون رهن
- دارای ۳ سال گارانتی (تا ۶۰ هزار کیلومتر)
- ۷۰ درصد تخفیف بیمه بدنه ایران
- امکان خرید به صورت نقد و اقساط

✨ آپشن‌های شرکتی خودرو
- فرمان d و صندوق‌پران
- شیشه‌ها و آینه‌های برقی
- سیستم تهویه دیجیتال
- دریچه گاز برقی
- سنسور پارک دنده عقب
- دی‌لایت و اتولایت
- سیستم پیشرفته ضد سرقت
- سیستم صوتی با چهار بلندگو

 برای هماهنگی و اطلاعات بیشتر، خانم مومن آماده پاسخگویی به شما هستند. با ما تماس بگیرید.",2026-09-09T21:48:23.087008
gaKqticN,https://divar.ir/v/gaKqticN,ساینا S و ساینا دوگانه با استاندارد۸۵گانه صفر۱۴۰۵,۲ هفته پیش در تهران، صادقیه، خ داوود اسدی,tehran، sadeghiyeh,۰,0,۱۴۰۵ - ۲۰۲۶,مشکی,ساینا دنده‌ای S,دنده‌ای,بنزین,"‏۱,۰۹۰,۰۰۰,۰۰۰ تومان",1090000000,سالم,سالم و پلمپ,سالم و پلمپ,سالم و بی‌خط و خش,سالم و پلمپ,"اتو آرسام 
بیش از ۱۰  سال اعتبار در خرید و فروش خودرو
دنبال ماشین خوب با قیمت مناسب و معامله مطمئن هستید؟
اینجا قرار نیست فقط یک خودرو به شما معرفی کنیم؛
کمکتون می‌کنیم خودروی مناسب بودجه و نیازتون رو پیدا کنید.
✅ خودروهای ایرانی و مونتاژی
✅ بررسی و امکان ۲۴ ساعت کارشناسی خودرو
✅ بدون هزینه های اضافه
✅ سند تمامی خودرو ها آزاد٫شفافیت در معامله
✅ مشاوره قبل از خرید
قبل از خرید، یک تماس با اتو آرسام بگیرید؛ شاید بهترین انتخابتون همین یک تماس باشه. 

☎️کارشناس فروش شما: خانم بیرانوند
 اتو آرسام",2026-09-09T21:49:29.309956
QaQX7IuZ,https://divar.ir/v/QaQX7IuZ,ساینا اس /دوگانه‌سوز/ صفرخشک/تحویل یکساعته,۵ ماه پیش در تهران، صادقیه، خ ستارخان,tehran، sadeghiyeh,۰,0,۱۴۰۵ - ۲۰۲۶,سفید,ساینا دنده‌ای S,دنده‌ای,بنزین,"‏۸۵۰,۰۰۰,۰۰۰ تومان",850000000,سالم,سالم و پلمپ,سالم و پلمپ,سالم و بی‌خط و خش,سالم و پلمپ,"✨️⚜️فرااطلس خودرو پارتاک⚜️✨️

✨️✨️✨️فروش ویژه ✨️✨️✨️
✅بیش از 20 سال سابقه درخشان در صنف خودرو

⭕️️ کارشناس فروش شما خانم سبحانی ⭕️

✔️تحویل خودرو مستقیم از پارکینگ نمایندگی به شرط رویت با برگه کارشناسی
✔️تسویه خودرو بعد از رویت و کارشناسی خودرو
✔️تحویل خودرو به ارگانهای دولتی و خصوصی

✅️تمامی خودروها شامل:

◾️۷۰درصد تخفیف بیمه بدنه
◾️ بیمه ثالث و گارانتی
◾️سند آزاد
◾️فروش نقدی، تحویل یکساعته

⭕️تخفیف ویژه موقع اخذ قرارداد

✔️امکان نصب تمامی آپشن‌های خودرو به صورت سفارشی با بهترین کیفیت و نازلترین و معتبرترین برند روز

✅️جهت کسب اطلاعات بیشتر با کارشناسان ما در تماس باشید.
⭕️️ کارشناس فروش شما خانم سبحانی ⭕️



ساعت کاری
شنبه تا چهارشنبه ۹صبح تا ۱۸
پنجشنبه ۹صبح تا ۱۵

✨️قیمت واقعی خودروی خود را از ما بخواهید✨️",2026-09-09T21:50:35.052677
gahCpQ1N,https://divar.ir/v/gahCpQ1N,ساینا sاتوماتیک مدل اسفند۱۴۰۲,۱ ساعت پیش در تهران، شهرآرا,tehran، sharara,۸۸۰۰,8800,۱۴۰۲ - ۲۰۲۳,سفید,ساینا S اتومات,اتوماتیک,بنزین,"‏۱,۵۲۰,۰۰۰,۰۰۰ تومان",1520000000,سالم,سالم و پلمپ,سالم و پلمپ,سالم و بی‌خط و خش,سالم و پلمپ,"ساینا sاتوماتیک
بدون رنگ تمیز کم کار
کارکرد واقعی۸۸۰۰
بیمه اسفند۱۴۰۵
دارای کروز کنترل
دی لایت و اتو لایت
استاندارد۸۵ گانه
فول کامل
رینگ اسپرت فابریک
روکش صندلی
معاوضه با۲۰۷ اتومات هم دارم",2026-09-09T21:52:54.121718
AaGBq2aC,https://divar.ir/v/AaGBq2aC,سایناSتک/دوگانه Gxصفر/1405 1404 تحویل روز,سال پیش در تهران، صادقیه,tehran، sadeghiyeh,۰,0,۱۴۰۴ - ۲۰۲۵,سفید,ساینا GX,دنده‌ای,دوگانه‌سوز شرکتی,"‏۱,۱۳۵,۰۰۰,۰۰۰ تومان",1135000000,سالم,سالم و پلمپ,سالم و پلمپ,سالم و بی‌خط و خش,سالم و پلمپ,"میلاد خودرو غرب 

عضو رسمی اتحادیه صنف خودرو 

با کد ثبتی:(۶۰۹۲۴۴)

با ۱۵ سال سابقه درخشان در غرب تهران

نمایندگی فروش تمامی محصولات 

سایپا / پارس خودرو/ ایرانخودرو / کرمان خودرو / مدیران خودرو / بهمن خودرو و تمامیه (خودروهای مونتاژ)

☑️امکان خرید به صورت نقد و اقساط
☑️تحویل خودرو ۱ ساعته 
☑️امکان کارشناسی خودرو قبل از تسویه مبلغ 
☑️امکان نصب تمامی آپشن ها با گارانتی شرکتی
☑️تمامی خودروها دارای ۱ سال بیمه شخص ثالث و ۷۰٪ تخفیف بیمه بدنه میباشد

❌تخفیف ویژه پای معامله❌

☑️تنوع رنگ در تمامی خودروها
☑️سند آزاد، هزینه ی انتقال سند به عهده نمایندگی میباشد
☑️خرید خودرو خود را در میلاد خودرو بدون واسطه انجام دهید
☑️امکان خرید طلا،شمش،دلار/یورو به قیمت بازار

کارشناس فروش جهت راهنمایی
♀️خانم سعادت",2026-09-09T21:53:02.586867
gagWlWmM,https://divar.ir/v/gagWlWmM,ساینا/کوئیک/تیبا/پراید مشاوره و خریدار خودروی شما,۲۳ ساعت پیش در تهران، یافت آباد شمالی,tehran، ebrahim-abad,۱۲۰۰۰۰,120000,۱۴۰۰ - ۲۰۲۱,سفید,ساینا دنده‌ای S,,بنزین,"‏۸۵۰,۰۰۰,۰۰۰ تومان",850000000,تعیین‌نشده,تعیین‌نشده,تعیین‌نشده,سالم و بی‌خط و خش,,"بنام خدا
ساینا/کوئیک/تیبا/پراید 
مشاوره خریدار خودروی شما
تماس بگیرید",2026-09-09T21:53:55.690459
gahy2icH,https://divar.ir/v/gahy2icH,ساینا,۳ ساعت پیش در تهران، بهداشت، بلوار معلم,tehran، behdasht,۱۳۰۰۰۰,130000,۱۳۹۸ - ۲۰۱۹,سفید,ساینا GX,دنده‌ای,بنزین,"‏۹۱۵,۰۰۰,۰۰۰ تومان",915000000,سالم,سالم و پلمپ,سالم و پلمپ,سالم و بی‌خط و خش,سالم و پلمپ,"با سلام 
ماشین فوق بیرنگ 
2 تا لیسه 5 سانتی روی کاپوت داره 
عقب جلو پلمپ",2026-09-09T21:54:06.777472
gadsE7Wn,https://divar.ir/v/gadsE7Wn,ساینا اس S  دنده مدل ۱۴۰۵ صفر خشک سفید / مشکی,۳ ماه پیش در تهران، چوب تراش، بلوار چوب تراش,tehran، chub-tarash,۰,0,۱۴۰۴ - ۲۰۲۵,سفید,ساینا دنده‌ای S,,بنزین,"‏۱,۳۱۰,۰۰۰,۰۰۰ تومان",1310000000,تعیین‌نشده,تعیین‌نشده,تعیین‌نشده,سالم و بی‌خط و خش,,"⚜️ صنعت خودرو نیک راسا با بیش از ۱۵ سال 
———-کدثبت:۶۷۳۶۷۷—————-
سابقه تخصصی در حوزه خرید و فروش خودرو و عضویت رسمی اتحادیه، تجربه‌ای مطمئن، شفاف و حرفه‌ای را برای مشتریان فراهم کرده است. ⚜️

✨ عرضه خودروهای صفر  همراه با گارانتی معتبر
✨ سند آزاد | انتقال سند به عهده مجموعه ما
✨تخفیف ویژه بیمه بدنه تا ۷۰٪
✨ تضمین اصالت، سلامت فنی و بدنه خودرو

 شرایط فروش ویژه و متفاوت نیک راسا:

✔️ فروش نقدی و تحویل فوری
✔️ امکان کارشناسی و تست کامل خودرو پیش از تسویه
✔️ امکان معاوضه با انواع خودرو صفر و کارکرده
✔️ تنوع رنگ و مدل مطابق سلیقه شما
✔️ تسویه نهایی پس از تایید کارشناس منتخب شما
✔️ خرید و فروش بدون واسطه با قیمت‌گذاری منصفانه
✔️ امکان تهاتر با طلا، شمش، دلار و یورو بر اساس نرخ روز بازار

⭐️ هدف ما فقط فروش خودرو نیست؛ ایجاد یک خرید امن، حرفه‌ای و بدون دغدغه برای شماست.

‍ کارشناس فروش: خانم یکتا

 جهت دریافت مشاوره، استعلام قیمت روز و هماهنگی بازدید، با کارشناسان فروش تماس بگیرید.
در صورت شلوغی خطوط، مراجعه حضوری شما موجب تسریع در روند خرید خواهد شد.",2026-09-09T21:55:00.874033
gahOFUj2,https://divar.ir/v/gahOFUj2,ساینا ۱۴۰۰ ex,۵ ساعت پیش در تهران، جی، خ حسینی دوست,tehran، jey,۸۰۰۰۰,80000,۱۴۰۰ - ۲۰۲۱,سفید,ساینا دنده‌ای EX,دنده‌ای,بنزین,"‏۹۷۰,۰۰۰,۰۰۰ تومان",970000000,سالم,سالم و پلمپ,سالم و پلمپ,رنگ‌شدگی در ۱ ناحیه,سالم و پلمپ,"بدنه بدون تصادف رنگ
فقط هلالی گلگیرعقب بدلیل خراشیدگی ابرنگ شده
شاسی هاسالم
فنی سالم
لاستیک های جلو نو عقب متوسط
داخل اتاق تمیز و سالم
صددرصد بهتر و باکیفیت از سایناهای جدید سری اس
پول نیاز بدلیل جابجایی منزل
قیمتم زیرقیمت کارشناسی گذاشتم
معاوضه ندارم
فقط نقد",2026-09-09T21:55:10.987541
gabJSiGq,https://divar.ir/v/gabJSiGq,ساینا /S/ Gx /صفر خشک ۴۰۵,ماه پیش در تهران، صادقیه، خ ستارخان,tehran، sadeghiyeh,۰,0,۱۴۰۵ - ۲۰۲۶,سفید,ساینا GXL بنزینی,دنده‌ای,بنزین,"‏۱,۱۷۰,۰۰۰,۰۰۰ تومان",1170000000,سالم,سالم و پلمپ,سالم و پلمپ,سالم و بی‌خط و خش,سالم و پلمپ,"✅️ارژنگ خودرو  با بیش از 15 سال سابقه در زمینه فروش✅ 
✅فروش محصولات داخلی و خارجی✅
✅تحویل فوری✅
✅تحویل خودرو به روز مستقیم از پارکینگ نمایندگی✅ 
✅تسویه بعد از رویت و کارشناسی خودرو✅
✅سند تمامی خودروها آزاد میباشد✅ 
✅فروش بدون واسطه ✅ 
✅24 ساعت مهلت کارشناسی خودرو✅ 
✅تمامی خودرو ها با سایر رنگ‌ها موجود میباشد✅ 
کارشناس فروش خانم قاسمی",2026-09-09T21:56:05.906567
gahGFDTW,https://divar.ir/v/gahGFDTW,ساینا S -مدل اخر 403-تک سوز-کم کار - بدون رنگ,۵ ساعت پیش در تهران، قزل قلعه، خ فرشی مقدم,tehran، qezel-qaleh,۱۹۰۰۰,19000,۱۴۰۳ - ۲۰۲۴,سفید,ساینا دنده‌ای S,دنده‌ای,بنزین,"‏۱,۲۷۰,۰۰۰,۰۰۰ تومان",1270000000,سالم,سالم و پلمپ,سالم و پلمپ,سالم و بی‌خط و خش,سالم و پلمپ,"کلا 19000 تا کار کرده و خیلی کم استفاده شده
 بی رنگ - سند تک برگ - شاسی ها و موتور و گیربکس کاملا سالم
گارانتی فعال هست و سرویس های دوره ای مرتب انجام شده",2026-09-09T21:57:17.387799
gahaElEl,https://divar.ir/v/gahaElEl,ساینا s خاص که گم نمیشه,۶ ساعت پیش در تهران، افسریه شمالی، بلوار نیکوعمل,tehran، afsariyeh,۹۰۰۰۰,90000,۱۴۰۱ - ۲۰۲۲,سفید,ساینا دنده‌ای S,دنده‌ای,بنزین,"‏۱,۲۹۰,۰۰۰,۰۰۰ تومان",1290000000,سالم,سالم و پلمپ,سالم و پلمپ,سالم و بی‌خط و خش,سالم و پلمپ,"اگه دنبال یه ساینای خاصی که تو خیابون گم نشه بخون 
بدون رنگ و تعویض فقط یه دور گلگیر یه وجب رنگ شده موتور خط انداخته بود. ضربه نداشته 
شاسی ها سالم و پلمپ .خودش آپشن زیاد داره همه فعال هستند 
رینگ سایز ۱۵ شاخ گوزنی جدید ۲۰۲۴ و لاستیک خارجی فاق کوتاه حرفه ای  ۱۰۰ درصد به مبلغ ۱۰۰ میلیون تومان تازه انداختم 
زاپاس نو زیر ماشین نرفته
چراغ زیر سپر هدلایت قوی چراغ اصلی ها هم هدایت قوی به مبلغ ۱۵ میلیون تومان .ریمپ حرفه ای 
کمک ها کی دی اس کوتاه و ریگلاژی که قابلیت تنظیم ارتفاع دستی دارید مارک ریما فنر. جلوبندی نو
دیسک و صفحه کره ای اصل و تسمه تایم آلمانی و شمع و وایر تقویتی تازه عوض کردم برو تا ۷۰ هزار تا 
روکش صندلی چرمی VIP و طبی حرفه ای به مبلغ ۱۳ میلیون .کف پایی ضد آب و اسپرت 
لنت های عقب جلو و سیم دستی تازه عوض شده 
شیشه دودی آمریکایی 
باطری آمپر بالا تو 
دریچه گاز و سوزن انژکتور تازه سرویس شده 
رینگ پیستون تقویتی انداختیم 
هدرز و رم ایر حرفه ای انداختیم 
منبع اگزوز  سایلنس دار ۷۱۵ برند JS
تا ۱۰۰ اسب راحت توان داره
بیمه ثالث یک ماه 
بیمه بدنه فول ۹ ماه 
معاینه فنی ۹ ماه
مدارک تکمیل",2026-09-09T21:58:20.268389
gahK0t1r,https://divar.ir/v/gahK0t1r,ساینا اس ۴۰۱,۷ ساعت پیش در تهران، هفت چنار، خ بهاران,tehran، haftchenar,۷۸۰۰۰,78000,۱۴۰۱ - ۲۰۲۲,سفید,ساینا دنده‌ای S,دنده‌ای,بنزین,"‏۱,۰۰۰,۰۰۰,۰۰۰ تومان",1000000000,سالم,سالم و پلمپ,سالم و پلمپ,رنگ‌شدگی در ۲ ناحیه,سالم و پلمپ,"شاسی ها سالم و پلمپ
لاستیک نو
کولر یخ
۷۸۰۰۰ تا کارکرد
مصرفی ها تعویض شده
تک‌استارت روشن
تو جنگ دیوار ریخت رو‌ ماشین 
سقف و گلگیر صافکاری شده و رنگ داره و تنها ایراد ماشین همینه",2026-09-09T21:58:27.011679
gah-jBPY,https://divar.ir/v/gah-jBPY,ساینا مدل 1400,۷ ساعت پیش در تهران، هفت چنار,tehran، haftchenar,۱۰۰۰۰۰,100000,۱۴۰۰ - ۲۰۲۱,سفید,ساینا دنده‌ای EX,دنده‌ای,بنزین,"‏۱,۰۰۰,۰۰۰,۰۰۰ تومان",1000000000,سالم,سالم و پلمپ,سالم و پلمپ,خط و خش جزیی,سالم و پلمپ,"ساینا معمولی کم کارکرد 100هزارتا
بدون رنگ و شاسی ها سالم و پلمپ 
مصرفی ها به موقع انجام شده است
فنی سالم و بدون ایراد",2026-09-09T21:59:21.476108
gaRpO3RY,https://divar.ir/v/gaRpO3RY,ساینا اس تک سوز/ دوگانه GX ارتقایافته مدل ۱۴۰۵,۲ ماه پیش در تهران، صادقیه، خ ستارخان,tehran، sadeghiyeh,۰,0,۱۴۰۵ - ۲۰۲۶,سفید,ساینا دنده‌ای S,دنده‌ای,دوگانه‌سوز شرکتی,"‏۱,۱۵۰,۰۰۰,۰۰۰ تومان",1150000000,سالم,سالم و پلمپ,سالم و پلمپ,سالم و بی‌خط و خش,سالم و پلمپ,"✨نمایندگی برتر کارا خودرو✨️خرید مطمئن 
 ✨عضو رسمی اتحادیه خودرو با کد ثبت ۶۰۳۶۴۲✨️
نمایندگی مجاز محصولات ایران خودرو_پارس خودرو
بهمن موتور_کرمان موتور_ام وی ام_وارداتی 
✅تحویل خودرو بصورت مستقیم ازپارکینگ نمایندگی به شرط رویت و کارشناسی قبل از پرداخت وجه
✅خودرو ها شامل گارانتی فعال-بیمه ی شخص ثالث-۷۰٪ تخفیف بیمه بدنه
✅رنگ بندی موجود
✅بدون پرداخت هیچ گونه هزینه اضافی اعم از کارمزد -کمیسیون- هزینه سند و...
✅۲۴ساعت حق کارشناسی
✅ نصب آپشن های شرکتی خودرو بصورت سفارشی  بابهترین کیفیت و نازلترین قیمت
✅فروش نقدی✨تحویل فوری✨ سند آزاد
✅مدارک تکمیل آماده انتقال 
✅ تخفیف ویژه پای قرارداد اعمال خواهد شد.

✨ کارشناس فروش: خانم امینی 

✅در صورت عدم پاسخگویی  بدلیل حجم بالای تماس ها لطفا حضوری تشریف بیارید✨

⬅️ صادقیه کارا خودرو",2026-09-09T21:59:28.483353
gacmTv1S,https://divar.ir/v/gacmTv1S,ساینا s/ ساینا دوگانه  صفرخشک  روز,۴ روز پیش در تهران، ستارخان,tehran، sattarkhan,۰,0,۱۴۰۵ - ۲۰۲۶,سفید,ساینا دنده‌ای S,دنده‌ای,بنزین,"‏۹۴۰,۰۰۰,۰۰۰ تومان",940000000,سالم,سالم و پلمپ,سالم و پلمپ,سالم و بی‌خط و خش,,"⭐️آرون خودرو پیشگامان با بیش از ۱۵ سال سابقه درخشان⭐️  

⭐ سند آزاد و هزینه انتقال سند بر عهده نمایندگی است⭐️  

شرایط فروش ویژه:  

✅ فروش نقدی و تحویل فوری 
✅ امکان خرید طلا، شمش، دلار، یورو به قیمت روز بازار 
✅ ۲۴ ساعت مهلت کارشناسی و رویت خودرو قبل از تسویه 
✅ امکان معاوضه با خودروهای صفر و کارکرده 
✅ تسویه پس از تحویل و تایید کارشناس شما 
‌✅ بدون واسطه، خرید مطمئن و شفاف  

کارشناس فروش شما: خانم کیانی  ☎️ 

برای اطلاعات بیشتر و دریافت قیمت لحظه‌ای خودرو، لطفاً با کارشناس فروش تماس بگیرید. در صورت مشغول بودن خطوط فروش، به صورت حضوری مراجعه نمایید",2026-09-09T22:00:23.828241
Qa7XCEbt,https://divar.ir/v/Qa7XCEbt,ساینا s/ساینا Gx دوگانه سوز/تحویل فوری,۴ ماه پیش در تهران، صادقیه,tehran، sadeghiyeh,۰,0,۱۴۰۴ - ۲۰۲۵,سفید,ساینا GXL دوگانه سوز,دنده‌ای,دوگانه‌سوز شرکتی,"‏۱,۱۳۵,۰۰۰,۰۰۰ تومان",1135000000,سالم,سالم و پلمپ,سالم و پلمپ,سالم و بی‌خط و خش,سالم و پلمپ,"میلاد خودرو غرب 

عضو رسمی اتحادیه صنف خودرو 

با کد ثبتی:(۶۰۹۲۴۴)

با ۱۵ سال سابقه درخشان در غرب تهران

نمایندگی فروش تمامی محصولات 

سایپا / پارس خودرو/ ایرانخودرو / کرمان خودرو / مدیران خودرو / بهمن خودرو و تمامیه (خودروهای مونتاژ)

☑️امکان خرید به صورت نقد و اقساط
☑️تحویل خودرو ۱ ساعته 
☑️امکان کارشناسی خودرو قبل از تسویه مبلغ 
☑️امکان نصب تمامی آپشن ها با گارانتی شرکتی
☑️تمامی خودروها دارای ۱ سال بیمه شخص ثالث و ۷۰٪ تخفیف بیمه بدنه میباشد

❌تخفیف ویژه پای معامله❌

☑️تنوع رنگ در تمامی خودروها
☑️سند آزاد، هزینه ی انتقال سند به عهده نمایندگی میباشد
☑️خرید خودرو خود را در میلاد خودرو بدون واسطه انجام دهید
☑️امکان خرید طلا،شمش،دلار/یورو به قیمت بازار

کارشناس فروش جهت راهنمایی
‍♀️خانم افشار",2026-09-09T22:01:29.933583
gaRKYGuc,https://divar.ir/v/gaRKYGuc,ساینا s مدل ۱۴۰۲,هفته پیش در تهران، سازمان برنامه شمالی، خ محرابی,tehran، sazamn-barnameh,۶۹۰۰۰,69000,۱۴۰۲ - ۲۰۲۳,سفید,ساینا دنده‌ای S,دنده‌ای,بنزین,"‏۱,۱۲۰,۰۰۰,۰۰۰ تومان",1120000000,سالم,سالم و پلمپ,سالم و پلمپ,صافکاری بی‌رنگ,,"ساینا s مدل ۱۴۰۲ سفید نصف کلاف درب جلو راننده نصفش رنگ شده الباقی بدون رنگ بیمه تا خرداد ۴۰۶ کارکرد ۶۹۰۰۰ کیلومتر سند دست اول فروش نقد یا معاوضه با خودرو تمیز
. 

.",2026-09-09T22:01:37.644686
gahexFpr,https://divar.ir/v/gahexFpr,ساینا S مدل ۹۹ اقساط ( آرشین خودرو),۸ ساعت پیش در تهران، تهرانپارس جنوبی,tehran، tehran-pars,۸۰۰۰۰,80000,۱۳۹۹ - ۲۰۲۰,سفید,ساینا دنده‌ای S,دنده‌ای,بنزین,"‏۴۸۰,۰۰۰,۰۰۰ تومان",480000000,سالم,سالم و پلمپ,سالم و پلمپ,سالم و بی‌خط و خش,سالم و پلمپ,"فروش فقط اقساطی   فروش فقط و فقط اقساط اقساط اقساط  
⚜️آرشین خودرو⚜️  
✅مبلغ درج شده پیش پرداخت می‌باشد

✅خودرو فقط به صورت اقساط واگذار میگردد 
✅با کادر مجرب و حرفه ای در خدمت شما از ابتدای مسیر تا تحویل خودروی مد نظر شما کنارتان هستیم با ما خرید آسان و مطمئن را تجربه کنید و ماشین مورد علاقه ی خود را خریداری کنید
  ✅نیاز به پول فوری دارید همکاران ما در کمتر از یک روز وجه مورد نیاز شما را روی خودرو خودتان پرداخت می‌کنند  
✅ما تمام خودروهای کارکرده و صفر تمامی کمپانی های داخلی و خارجی و مونتاژ به صورت اقساطی واگذار می‌کنیم  
✅تحویل ما به صورت فوری در کمتر از ۲۴ ساعت و سند به نام 
✅اقساط از ۶ ماه۲۴ ماه با پیش پرداخت ۵۰درصد
✅شما می تونید خودرو مورد پسندتون رو به ما معرفی کنید ما برای شما خریداری میکنیم شما به صورت اقساط به ما پرداخت کنید
  ✅برای مشاوره و راهنمایی دقیق تر با ما تماس بگیرید
  ✅ساعت پاسخگویی ۹ صبح تا ۹ شب مشاور شما خانم سلامت",2026-09-09T22:02:39.773095
gaheilbu,https://divar.ir/v/gaheilbu,ساینا,۹ ساعت پیش در تهران، والفجر (افسریه)، خ اردیبهشت,tehran، valfajr-afsarieh,۵۲۰۰۰,52000,۱۴۰۱ - ۲۰۲۲,سفید,ساینا دنده‌ای EX,دنده‌ای,بنزین,"‏۱,۰۹۰,۰۰۰,۰۰۰ تومان",1090000000,سالم,سالم و پلمپ,سالم و پلمپ,سالم و بی‌خط و خش,سالم و پلمپ,بدون رنگ. بدون تصادف. بدون خط و خش . مشابه صفر . زاپاس استفاده نشده .دزدگیر تصویری مارک ،le کفی ی تیکه پلاستیکی,2026-09-09T22:03:40.381617
gacoglZu,https://divar.ir/v/gacoglZu,ساینا دوگانه موتور ارتقاGX/1405استاندارد85,۳ ماه پیش در تهران، صادقیه، بلوار شهدای صادقیه,tehran، sadeghiyeh,۰,0,۱۴۰۵ - ۲۰۲۶,سفید,ساینا GXL دوگانه سوز,دنده‌ای,بنزین,"‏۱,۱۵۰,۰۰۰,۰۰۰ تومان",1150000000,سالم,سالم و پلمپ,سالم و پلمپ,سالم و بی‌خط و خش,سالم و پلمپ,"✅دلوان خودرو (کدرسمی نمایندگی/648357)
نمایندگی رسمی و برتر فروش خودروهای صفر داخلی و خارجی
✅بیش از دو دهه سابقه درخشان در صنعت خودرو 

⚜مشخصات و مزایا ⚜
✔️فروش انواع محصولات ایران خودرو پارس خودرو بهمن موتور 
✔️تحویل خودرو به روز در کمترین زمان 
✔️تسویه پس از کارشناسی و تایید سلامت کامل خودرو 
✔️بدون کمسیون و کارمزد 
✔️رنگ‌بندی کامل موجود 
✔️مدل ۴۰۵/۴۰۴صفر
✔️سند تمامی خودروها آزاد است 
✔️نصب آپشن های شرکتی دلخواه با بالاترین کیفیت 
✔️خروج خودرو مستقیم از پارکینگ 
✔️تخفیف ویژه پای قرار داد
مدارک و بیمه 
✅یکسال بیمه رایگان شخص ثالث و ۸۰درصد تخفیف بدنه
✅گارانتی معتبر شرکتی  
✅۲۴ساعت حق کارشناسی 

در صورت اشغال خط لطفا به صورت حضوری تشریف بیارید

    ❌️☎️برای اطلاعات بیشتر تماس بگیرید☎️❌️

                             ❌️توجه❌️

               ⬅️کارشناس فروش خانم راد➡️

️                          ◀️دلوان خودرو▶️",2026-09-09T22:03:47.179085
gac2Spj3,https://divar.ir/v/gac2Spj3,ساینا S مدل ۱۴۰۲ سفید استثنایی,۴ روز پیش در تهران، پونک، خ فرزانه یکم,tehran، poonak,۵۶۰۰۰,56000,۱۴۰۲ - ۲۰۲۳,سفید,ساینا دنده‌ای S,دنده‌ای,بنزین,"‏۱,۲۳۰,۰۰۰,۰۰۰ تومان",1230000000,سالم,سالم و پلمپ,سالم و پلمپ,سالم و بی‌خط و خش,سالم و پلمپ,"با سلام 
خودرو سند تک برگ بدون رنگ و تصادف  
بدون کوچکترین ضربه شاسی و ترک شاسی 
کارکرد واقعی 
بیمه ۱۰ ماه
فرمان دی کات 
سنسور باران و نور 
زاپاس استفاده نشده 
تسمه تایم تعویض شده 
وایر ها و شمع ها تعویض شده 
دیسک و صفحه تعویض شده 
فنی در حد صفر بدون کوچکترین ایراد 
تمام بدهی ها پرداخت شده 
آماده تعویض پلاک  
با برگه کارشناسی معتبر 
شما هم با کارشناس تشریف بیارید 
فقط مصرف کننده",2026-09-09T22:04:58.805280
gah2RgJd,https://divar.ir/v/gah2RgJd,ساینا S صفر دنده ای,۹ ساعت پیش در تهران، مشیریه، خ امام حسین,tehran، moshiriyeh,۰,0,۱۴۰۵ - ۲۰۲۶,سفید,ساینا دنده‌ای S,دنده‌ای,بنزین,"‏۱,۵۰۰,۰۰۰,۰۰۰ تومان",1500000000,سالم,سالم و پلمپ,سالم و پلمپ,سالم و بی‌خط و خش,سالم و پلمپ,"یک عدد ساینا تک سوز صفر خشک خشک  و ضبط شرکتی
تحویل تیر ماه سند آماده تحویل تمام‌مدارکا موجوده ماشین داخل پارکینگه اصلا بیرون‌نیومده",2026-09-09T22:06:04.416556
gahihaBI,https://divar.ir/v/gahihaBI,سایپا مدل ۱۴۰۲,۱۰ ساعت پیش در تهران، کاج، خ قصر,tehran، tehran-police,۴۸۰۰۰,48000,۱۴۰۲ - ۲۰۲۳,سفید,ساینا دنده‌ای S,دنده‌ای,بنزین,"‏۱,۲۰۰,۰۰۰,۰۰۰ تومان",1200000000,سالم,سالم و پلمپ,سالم و پلمپ,سالم و بی‌خط و خش,سالم و پلمپ,"ظاهر وفنی بدون یک ریال خرج
دارای مانیتور بزرگ و دوربین دنده عقب
شیشه دودی
صندوق پران باسوییچ
کم کار و خانگی
به شرط",2026-09-09T22:07:10.369465
ganlx7tf,https://divar.ir/v/ganlx7tf,سایناS صفر۱۴۰۵ نقدواقساط(تحویل درجا),ماه پیش در تهران، تهرانپارس غربی,tehran، west-tehranpars,۰,0,۱۴۰۵ - ۲۰۲۶,سفید,ساینا دنده‌ای S,دنده‌ای,بنزین,"‏۸۹۰,۰۰۰,۰۰۰ تومان",890000000,سالم,سالم و پلمپ,سالم و پلمپ,سالم و بی‌خط و خش,سالم و پلمپ,"((آرتان خودرو سپنتا))
558995 کد ثبتی

فروش نقد و اقساط خودروهای صفر با گارانتی وبیمه ✅
 تعداد اقساط منعطف از ۱۰ ماه الی ۱۸ماه 

با پیشپرداخت۶۰ درصد

تحویلی تمام خودروها(۲ساعته)

تمامی خودرو ها قابل تحویل قبل از واریز وجه
در صورت تمایل تماس بگیرید خانم ناصری",2026-09-09T22:07:19.124411
gahKhkqX,https://divar.ir/v/gahKhkqX,ساینا s مدل ۱۴۰۱,۱۰ ساعت پیش در تهران، ترمینال غرب، خ برادران رحمانی,tehran، terminal-gharb,۶۴۰۰,6400,۱۴۰۱ - ۲۰۲۲,سفید,ساینا دنده‌ای S,دنده‌ای,بنزین,"‏۱,۲۴۴,۰۰۰,۰۰۰ تومان",1244000000,سالم,سالم و پلمپ,سالم و پلمپ,سالم و بی‌خط و خش,سالم و پلمپ,"ساینا ۴۰۱ RS سقف مشکی
۶هزار تا کارکرده
روکش صندلی چرم و کفی پنج بعدی
مانیتور ۱۱ اینچ دور فرمان چرم دوزی
گاز کولر تعویض شده
لاستیک ۹۹ درصد یزدتایر
رینگ سفارشی مدیران خودرو
باطری دوروزه تعویض شده 
بیمه یکسال دارد",2026-09-09T22:09:11.235841
ga4AtiG0,https://divar.ir/v/ga4AtiG0,سایناS تک و دوگانه صفر 1405 تحویل فوری,۲ ماه پیش در تهران، صادقیه، خ ستارخان,tehran، sadeghiyeh,۰,0,۱۴۰۵ - ۲۰۲۶,سفید,ساینا دنده‌ای S,,دوگانه‌سوز شرکتی,"‏۱,۲۰۸,۰۰۰,۰۰۰ تومان",1208000000,تعیین‌نشده,تعیین‌نشده,تعیین‌نشده,سالم و بی‌خط و خش,,"-----⚜اورست خودرو پایتخت ⚜️--
               کد ثبت 621670
✅هدف ما فقط فروش خودرو نیست؛ایجاد یک خرید امن،حرفه ای و بدون دغدغه برای شماست
✔️ دفتر نمایندگی با بیش از 8 سال سابقه درخشان در زمینه فروش خودرو های صفر
✔️تحویل فوری با گارانتی معتبر شرکتی 
✔️ تحویل خودرو به روز مستقیم از پارکینگ نمایندگی
✔️ تسویه بعد از رویت و کارشناسی خودرو
✔️فروش بدون واسطه 
✔️ مهلت کارشناسی  24 ساعت
✔️ سند تمامی خودرو ها آزاد میباشد
✔️ تمامی خودرو ها در سایر رنگ ها موجود میباشد
✔️فروش محصولات ایران خودرو / سایپا /پارس خودرو/ کرمان خودرو/ بهمن خودرو 
✔️تخفیف بیمه بدنه 50 الی 70 درصد 
——————————————
       کارشناس فروش: خانم امیری

برای کسب اطلاعات بیشتر با ‌شماره  کار‌شناس فروش تماس بگیرید",2026-09-09T22:09:21.813768
gaVSCe_0,https://divar.ir/v/gaVSCe_0,ساینا S دنده‌ای/اقساطی/صفر و کارکرده/رنگ دلخواه,هفته پیش در تهران، جنت‌آباد جنوبی، خ دوم شرقی,tehran، south-janat-abad,۳۲۰۰۰,32000,۱۴۰۱ - ۲۰۲۲,سفید,ساینا دنده‌ای S,دنده‌ای,بنزین,"‏۵۶۰,۰۰۰,۰۰۰ تومان",560000000,سالم,سالم و پلمپ,سالم و پلمپ,سالم و بی‌خط و خش,سالم و پلمپ,"فروش اقساطی خودرو | شرایط ویژه

مبالغ اعلام‌شده، پیش‌پرداخت خودرو می‌باشد.

✅ فروش اقساطی خودروهای ایرانی و خارجی
✅ مناسب برای ساکنین تهران و شهرستان‌ها
✅ خودروهای صفر و کارکرده
✅ تحویل فوری خودرو
✅ سند سبز و پلاک به نام خریدار
✅ بدون نیاز به ضامن، فقط با چک صیادی
✅ پرداخت اقساط تا ۴۸ ماه
✅ تسویه زودتر از موعد با کسر سود
✅ بدون کمیسیون، ورودی و خروجی
✅ انتخاب مدل بالاتر یا پایین‌تر
✅ انتخاب رنگ دلخواه

اتوماتیک و دوگانه سوز هم موجوده

 برای دریافت شرایط، قیمت و موجودی خودروهای روز، تماس بگیرید.",2026-09-09T22:10:27.662613
gaGS6hps,https://divar.ir/v/gaGS6hps,ساینا s دوگانه کارخانه مدل ۴۰۳,۲ هفته پیش در تهران، توحید، خ شادمهر,tehran، tohid,۵۰۰۰۰,50000,۱۴۰۳ - ۲۰۲۴,سفید,ساینا دنده‌ای S,دنده‌ای,دوگانه‌سوز شرکتی,"‏۱,۰۵۰,۰۰۰,۰۰۰ تومان",1050000000,سالم,سالم و پلمپ,ضربه‌خورده,رنگ‌شدگی در ۳ ناحیه,سالم و پلمپ,"سلام فنی سواری عالی در حد 
رنگ شدگی در زمان جنگ
به صورت اقساط هم فروخته میشود
۷۵۰ پیش مابقی تا ۲۰ ماه اقساط
پلاک بنام خریدار تحویل آنی",2026-09-09T22:10:36.501794
gahWg81C,https://divar.ir/v/gahWg81C,سایناs/مدل1404/تحویل فوری/اقساط تا48ماه,۱۱ ساعت پیش در تهران، باغ فیض، خ ضیائی,tehran، bagh-feyz,۴۰۰۰,4000,۱۴۰۴ - ۲۰۲۵,سفید,ساینا دنده‌ای S,دنده‌ای,بنزین,"‏۷۵۰,۰۰۰,۰۰۰ تومان",750000000,سالم,سالم و پلمپ,سالم و پلمپ,سالم و بی‌خط و خش,سالم و پلمپ,"فروش ویژه
✨فروش اقساطی خودرو از مدل 1395تا مدل1405اقساط بلندمدت با سود بانکی✨
✅شرایط اقساط از 6 ماه تا48 ماه
✅باز پرداخت 3ماه یکبار
✅سند شش دانگ به نام خریدار
✅ماشین تحویل روز
✅بدون دریافت کمیسیون ورودی و مالیات 
✅بدون ضامن (فقط با چک صیادی)
✅در صورت نداشتن چک به نام خریدار(دریافت وام با چک شخص دیگری امکان پذیر است)
✅تحویل انی خودرو هم زمان با پیش پرداخت
✅امکان تسویه زودتر از موعد
✅بازدید و کارشناسی خودرو توسط خریدار قبل از واریز هیچ وجهی
✅دارای بیمه بدنه بیمه شخص ثالث
✔فروش نقدی نداریم✔
✅مبلغ فوق پیش پرداخت می باشد

✅ادرس:اتوبان ستاری شمال نرسیده به کوروش مال قبل از پل عابر پیاده نبش کوچه ضیائی پلاک 18 طبقه اول
مراجعه به⬅خانم صادقی",2026-09-09T22:11:30.096130
gadiaNjp,https://divar.ir/v/gadiaNjp,ساینا اس ۱۴۰۰ بی رنگ کم کار واقعی,۳ روز پیش در تهران، آسمان,tehran، aseman,۳۲۰۰۰,32000,۱۴۰۰ - ۲۰۲۱,سفید,ساینا دنده‌ای S,دنده‌ای,بنزین,"‏۹۷۵,۰۰۰,۰۰۰ تومان",975000000,سالم,ضربه‌خورده,سالم و پلمپ,صافکاری بی‌رنگ,سالم و پلمپ,"ساینا اس 
مدل ۱۴۰۰
کم کار ۳۲ 
صفحه کلاچ و فنی تازه عوض شده. 
برگه کارشناسی اخرین عکس
شاسی ضربه داره ماشین بی رنگ هست.
معاوضه با ماشین سبکتر و یا سمند xu7 p",2026-09-09T22:11:36.701535
gahWQGju,https://divar.ir/v/gahWQGju,ساینا s,۱۱ ساعت پیش در تهران، بروجردی، خ هدایت,tehran، shahid-borujerdi,۲۴۲۰۰,24200,۱۴۰۲ - ۲۰۲۳,سفید,ساینا S اتومات,اتوماتیک,بنزین,"‏۱,۴۰۰,۰۰۰,۰۰۰ تومان",1400000000,سالم,سالم و پلمپ,سالم و پلمپ,سالم و بی‌خط و خش,سالم و پلمپ,"ساینا اتوماتیک رنگ سفید 
به شرط کارشناسی 
مدل 20 اسفند 1402
دارای رینگ آلومینیومی،شیشه دودی،کفی سه بعدی چرم،کروز کنترل،ایستایی سر بالایی،سنسور نور،سنسور باران ،سنسور. باد،فرمان برقی ،دزدگیر تصویری،ردیاب،دارای 4 حالت اسپرت،معمولی،تیپ ترونیک،برفی 
گارانتی فعال تا اخر سال
زاپاس زیرش نرفته 
بیمه شخص ثالث 6ماهه 
بدون خط خش و رنگ بدون نقطه",2026-09-09T22:12:57.868896
gaB2raOZ,https://divar.ir/v/gaB2raOZ,سایناS و 2گانه GXصفرکیلومتر / تحویل فوری/ نقداقساط,۳ هفته پیش در تهران، صادقیه، خ سازمان آب,tehran، sadeghiyeh,۰,0,۱۴۰۵ - ۲۰۲۶,سفید,ساینا دنده‌ای پلاس,دنده‌ای,بنزین,"‏۱,۱۱۵,۰۰۰,۰۰۰ تومان",1115000000,تعیین‌نشده,سالم و پلمپ,سالم و پلمپ,سالم و بی‌خط و خش,سالم و پلمپ,"دنبال یه ماشین جمع‌وجور، کم‌دردسر و اقتصادی برای استفاده روزمره ای ؟
ساینا یه انتخاب خوب برای رفت‌وآمدهای روزمره و استفاده خانوادگیه؛ هم جمع‌وجوره، هم مصرف مناسبی داره و هم هزینه نگهداریش نسبتاً پایینه.

با شرایط ویژه می‌تونید این خودرو رو از مجموعه ما سریع و مطمئن تحویل بگیرید.
✅ فروش نقد و اقساط با شرایط فوق‌العاده
✅ امکان دیدن و بررسی خودرو قبل از تسویه حساب
✅ ۲۴ ساعت مهلت کارشناسی برای خیال راحت شما
✅ گارانتی معتبر شرکتی
✅ ۱۲ ماه بیمه شخص ثالث
✅ ۷۰٪ تخفیف بیمه بدنه برای هر ماشینی که بخواید
✅ امکان خرید خودروهای ایرانی، مونتاژی و حتی خارجی با شرایط ویژه
✅ تحویل سریع خودرو
✅ امکان معاوضه با خودروی صفر و کارکرده

از لحظه ثبت سفارش تا تحویل خودرو، اتو گالری کارامین کنارتونه تا خریدتون راحت و بدون دردسر انجام بشه.

اتو گالری کارامین | خانوم سپهری
☎️ برای مشاوره رایگان همین الان تماس بگیرید، راهنماییتون می‌کنیم.",2026-09-09T22:13:07.088889
gaXFyqtG,https://divar.ir/v/gaXFyqtG,ساینا S دنده ای صفر و خشک 405 تحویل آنی,ماه پیش در تهران، ستارخان، خ جهانی نسب,tehran، sattarkhan,۰,0,۱۴۰۵ - ۲۰۲۶,سفید,ساینا دنده‌ای S,,بنزین,"‏۹۴۰,۰۰۰,۰۰۰ تومان",940000000,تعیین‌نشده,تعیین‌نشده,تعیین‌نشده,سالم و بی‌خط و خش,,"* آرون خودرو پیشگامان *

* نمایندگی فروش سایپا ، ایران خودرو ، مدیران *

{ فروش انواع خودرو های ایرانی و مونتاژی }

✅تحویل یک ساعته و فوری 
✅امکان بازدید قبل از پرداخت 
✅خودرو دارای گارانتی و بیمه 
✅70 درصد تخفیف بیمه بدنه 
✅سند آزاد
✅24ساعت مهلت کارشناسی  

 تخفیف ویژه پای معامله 

        ✨خانم راد ✨",2026-09-09T22:14:01.371348
gayczh35,https://divar.ir/v/gayczh35,خودرو/ سایناs/Gx مدل 405 برج روز,۲ ماه پیش در تهران، صادقیه,tehran، sadeghiyeh,۰,0,۱۴۰۴ - ۲۰۲۵,سفید,ساینا دنده‌ای S,دنده‌ای,بنزین,"‏۱,۲۵۸,۰۰۰,۰۰۰ تومان",1258000000,سالم,سالم و پلمپ,سالم و پلمپ,سالم و بی‌خط و خش,سالم و پلمپ,"•خودرو طهرانی •
* نمایندگی فروش سایپا،ایران خودرو ، مدیران *
شماره ثبت:۶۵۵۳۷۵
{ فروش انواع خودروهای ایرانی و مونتاژی)
✅تحویل یک ساعته و فوری
✅امکان بازدید قبل از یرداخت
✅خودرو دارای کَارانتی و بیمه
✅70درصد تخفیف بیمه بدنه
✅سند ازاد
✅امکان معاوضه خودرو کارکرده وصفر
✅خودرو با برکه کارشناسی
 ✅۲۴ساعت مهلت کارشناسی
کارشناس فروش⚘️:خانم سلیمانی",2026-09-09T22:15:09.378740
gaxdK06V,https://divar.ir/v/gaxdK06V,ساینا اتومات ۱۴۰۴,ماه پیش در تهران، هروی، خ ضابطی,tehran، heravi,۶۷۵۰,6750,۱۴۰۴ - ۲۰۲۵,سفید,ساینا اتوماتیک S,اتوماتیک,بنزین,"‏۱۰۰,۰۰۰ تومان",100000,سالم,سالم و پلمپ,سالم و پلمپ,سالم و بی‌خط و خش,سالم و پلمپ,"با سلام و احترام 
خودرو فوق الذکر با وسواس زیاد نگهداری شده دارای گارانتی فعال می باشد  توجه داشته باشین ساینا های رینگ مشکی نسخه فول و جدید ارایه شده شرکت سایپا هستش. ۱ : شیشه های دودی طرفین ۲:شیشه بلو ری سبز جلو ۳: روکش صندلی پارچه ای ۴:لاستیک‌کف پنج  بعدی ۵: لاستیک کف صندوق ۶:روکش دور فرمان چرمی ۷: لامپ زنون  اسرام اصلی زرد ۸: مه شکن  زنون زرد ۹: طلق پشه و‌ سنگ‌ پران لبه کاپوت ۱۰: شلگیر چهار چرخ ۱۱: نصب ست  بر چسب هیدرو گرافی درب ها و اینه ۱۲: لاستیک‌ پهن/۱۶۵/۶۰/۱۴ ۱۳: بادگیر شیشه طرفین ۱۴: کنسول وسط ۱۵: ضربگیر درب ها ۱۶: سینی زیر موتور.",2026-09-09T22:16:13.125985
gahC4QgN,https://divar.ir/v/gahC4QgN,ساینا s مدل 1403 بیرنگ,۲ ساعت پیش در تهران، شهرک استقلال، بلوار نخ زرین,tehran، shaharak-e-esteqlal,۳۹۰۰۰,39000,۱۴۰۳ - ۲۰۲۴,سفید,ساینا دنده‌ای S,دنده‌ای,بنزین,"‏۱,۲۵۰,۰۰۰,۰۰۰ تومان",1250000000,سالم,سالم و پلمپ,سالم و پلمپ,سالم و بی‌خط و خش,سالم و پلمپ,"لوازم
شیشه دودی
باربند
روکش
کفی ۵ بعدی
هدلایت مه شکن
هدلایت نوربالا و پایین
ضبط پایونیر
کامپانت جلو اودیسون
باند عقب آیودو سیستم

مشخصات خودرو
دارای بیمه بدنه تا برج ۱۱ بدون رنگ
تمامی سرویس ها  هر پنج هزار کیلومتر انجام شده
زاپاس هنوز زیرش نرفته
کارکرد واقعی
اگه ضبط و باند نخواستین ۲۰ کم میکنم 
فروش فقط به شرط تعویض پلاک چون پلاک میخوام",2026-09-09T22:17:34.849148
gaeO-ty8,https://divar.ir/v/gaeO-ty8,ساینا S، دنده، ۱۴۰۲,پریروز در تهران، المهدی، خ المهدی,tehran، almahdi,۲۷۰۰۰,27000,۱۴۰۲ - ۲۰۲۳,سفید,ساینا دنده‌ای S,دنده‌ای,بنزین,"‏۱,۲۵۰,۰۰۰,۰۰۰ تومان",1250000000,سالم,سالم و پلمپ,سالم و پلمپ,سالم و بی‌خط و خش,سالم و پلمپ,"ساینا S دنده
مدل ۱۴۰۲
بیمه ۱۲ ماه
۲۷ هزار کار
فنی سالم، تمام سرویس‌ها به موقع

-----> فقط شخصی، نقدی",2026-09-09T22:17:42.973480
gawRTmGW,https://divar.ir/v/gawRTmGW,ساینا S / اس / صفر خشک مدل ۴۰۴ ۴۰۵ (تحویل فوری),ماه پیش در تهران، صادقیه,tehran، sadeghiyeh,۰,0,۱۴۰۵ - ۲۰۲۶,سفید,ساینا دنده‌ای S,دنده‌ای,بنزین,"‏۱,۳۱۰,۰۰۰,۰۰۰ تومان",1310000000,سالم,سالم و پلمپ,سالم و پلمپ,سالم و بی‌خط و خش,سالم و پلمپ,"⚜️تکران صنعت خوردرو⚜️
عضو رسمی اتحادیه باکد رسمی ✅۶۷۷۰۷۹
نماینده رسمی محصولات فروش
مدیران خودرو/کرمان موتور/ساییا/ایرانخودرو/بهمن موتور
با ۱۸ سال سابقه درخشان فروش در غرب تهران تحویل درب منزل یا نمایندکی به درخواست مشتری
✅امکان رویت و کارشناسی قبل از تسویه مبلغ خودرو ۷ ✅هزینه کارشناسی به عهده نمایندکَی میباشد
✅تمامی خودروها دارای یکسال بیمه شخص ثالث
✅۸۵درصد تخفیف بیمه بدنه
✅گارانتی فول شرکتی
✅تنوع رنکَ ها در همه خودروها
✅هزینه تنظیم سند و وکالت به عهده نمایندکی میباشد
✅تمامی خودروها به صورت سفارشی موجود میباشد
✅تمامی خودروها تا ۲۴ ساعت مهلت کارشناسی دارند
ارتباط مستقیم با کارشناس فروش 

☎️خانم هاشمی☎️

✅امکان فروش تعداد برای تمامی شرکت ها و ارکان های دولتی",2026-09-09T22:18:36.935933
gaJ2X9VF,https://divar.ir/v/gaJ2X9VF,ساینا S/ تحویل فوری /صفر /405,۲ هفته پیش در تهران، صادقیه، خ ستارخان,tehran، sadeghiyeh,۰,0,۱۴۰۵ - ۲۰۲۶,سفید,ساینا دنده‌ای S,دنده‌ای,بنزین,"‏۱,۱۷۰,۰۰۰,۰۰۰ تومان",1170000000,سالم,سالم و پلمپ,سالم و پلمپ,سالم و بی‌خط و خش,سالم و پلمپ,"تحویل فوری✅️
✅️تحویل خودرو به روز مستقیم از پارکینگ نمایندگی✅️
✅️تسویه بعد از رویت و کارشناسی خودرو✅️
✅️سند تمامی خودروها آزاد میباشد✅️
✅️فروش بدون واسطه✅️
✅️24 ساعت مهلت کارشناسی خودرو✅️
✅️تمامی خودروها با سایر رنگ ها موجود میباشد
کارشناس فروش خانم راد☎️",2026-09-09T22:19:45.062028
gahyCRKa,https://divar.ir/v/gahyCRKa,فروش ماشین ساینا1402s,۸ ساعت پیش در تهران، خاک سفید، خ قدس,tehran، khak-sefid,۴۳,43,۱۴۰۲ - ۲۰۲۳,سفید,ساینا دنده‌ای S,دنده‌ای,بنزین,"‏۱,۲۳۰,۰۰۰,۰۰۰ تومان",1230000000,سالم,سالم و پلمپ,سالم و پلمپ,سالم و بی‌خط و خش,سالم و پلمپ,"ماشین ساینا آخر۱۴۰۲
کارکرد۴۳تا
بیرنگ
بیمه تا بره سه ۱۴۰۶",2026-09-09T22:20:41.545562
gaCm6Unl,https://divar.ir/v/gaCm6Unl,ساینا s/ساینا اس/دوگانه/سایپا/تحویل فوری,۳ هفته پیش در تهران، صادقیه,tehran، sadeghiyeh,۰,0,۱۴۰۵ - ۲۰۲۶,سفید,ساینا دنده‌ای S,,بنزین,"‏۹۰۰,۰۰۰,۰۰۰ تومان",900000000,تعیین‌نشده,تعیین‌نشده,تعیین‌نشده,سالم و بی‌خط و خش,,"➖➖➖➖ هیربد خودرو آریا➖➖➖➖
نمایندگی رسمی اتحادیه خودرو با کد 366486
عاملیت مجاز محصولات سایپا، ایران خودرو، مدیران خودرو، کرمان موتور، بهمن موتور

✅فروش نقدی
✅ با 20 سال سابقه درخشان فروش در غرب تهران
✅ امکان رویت و کارشناسی قبل از تسویه خودرو
✅ 24 ساعت مهلت کارشناسی برای تمامی خودرو ها
✅ تحویل خودرو فوری با پلاک
✅ تمامی خودرو ها دارای گارانتی فعال شرکتی و بیمه شخص ثالث رایگان
✅ شامل80٪ تخفیف بیمه بدنه
✅ هزینه کارمزد-کمیسیون و هزینه تنظیم سند به عهده نمایندگی می باشد.
✅ نصب هرگونه آپشن شرکتی توسط نمایندگی
✅ موجود در رنگ بندی
✅ امکان فروش تعداد برای شرکتها و ارگان های دولتی و خصوصی
✅ قیمت واقعی را از ما بخواهید.


ما با حذف واسطه‌ها، خودروها را زیر قیمت بازار عرضه می‌کنیم تا افراد بیشتری بتوانند با خیال راحت صاحب خودروی مورد علاقه‌شان شوند.

صداقت، شفافیت در قیمت، تحویل سریع و پشتیبانی کامل، تعهد ما به شما

 ارتباط مستقیم با واحد فروش : خانم 
محمدزاده


دوستان عزیز در صورت اشغال بودن یا عدم پاسخگویی مسئولین فروش به صورت حضوری مراجعه فرمایید.
تایم کاری : 8 صبح تا 6 عصر",2026-09-09T22:20:51.780770
gaLqOSG2,https://divar.ir/v/gaLqOSG2,ساینا اس /s/ صفر خشک ۴۰۵,۲ هفته پیش در تهران، صادقیه، خ ستارخان,tehran، sadeghiyeh,۰,0,۱۴۰۵ - ۲۰۲۶,سفید,ساینا دنده‌ای S,دنده‌ای,بنزین,"‏۱,۱۴۰,۰۰۰,۰۰۰ تومان",1140000000,سالم,سالم و پلمپ,سالم و پلمپ,سالم و بی‌خط و خش,سالم و پلمپ,"بیش از 15 سال سابقه در زمینه فروش ✅
✅فروش مححصولات سایپا ایران خودرو و پارس خودرو✅
✅تحویل فوری✅
✅تحویل خودرو به روز مستقیم از پارکینگ نمایندگی
✅تسویه بعد از رویت و کارشناسی خودرو✅
✅سند تمامی خودروها آزاد میباشد✅ 
✅فروش بدون واسطه ✅
✅24 ساعت مهلت کارشناسی خودرو✅
✅برای اخذ اطلاعات بیشتر با ما تماس بگیرید✅

___________کارشناس فروش:خانم حمیدی___________",2026-09-09T22:21:55.048722
gatIQu6z,https://divar.ir/v/gatIQu6z,ساینا اس/دوگانه Gx صفر خشک تحویل فوری نمایندگی,۲ ماه پیش در تهران، توحید، خ ستارخان,tehran، tohid,۰,0,۱۴۰۴ - ۲۰۲۵,سفید,ساینا GXL دوگانه سوز,,بنزین,"‏۱,۲۹۵,۰۰۰,۰۰۰ تومان",1295000000,تعیین‌نشده,تعیین‌نشده,تعیین‌نشده,سالم و بی‌خط و خش,,"مارال خودرو ( کد رسمی نمایندگی / 558512 )  
 
 نمایندگی رسمی و برتر فروش خودروهای صفر داخلی و خارجی.   

✅ چندین سال سابقه ی فروش درخشان در کشور 

✅ فروش بصورت نقدی و تحویل فوری 

✅ نمایندگی فروش محصولات ایران خودرو ٫ سایپا ٫ مدیران خودرو ٫ گروه بهمن و …

✅ امکان رویت و کارشناسی قبل از تسویه مبلغ خودرو 
✅ تنوع در انتخاب رنگ 
✅ یکسال بیمه رایگان و ۸۰ درصد تخیف بیمه بدنه
✅ تمامی خودروها بصورت سفارش مدیران موجود میباشد
✅ ترخیص خودرو در کمتر از یک ساعت و تحویل در نمایندگی یا درب منزل مشتری با کفی خودرو بر  

✅ جهت استعلام و خرید با کارشناس های فروش تماس حاصل فرمایید.
 
✅ در صورت عدم پاسخگویی بصورت حضوری مراجعه فرمائید.

☎️ کارشناس فروش خانـم مرادی

 
با تشکر از اعتماد و انتخاب شما از مجموعه مـارال خـودرو",2026-09-09T22:22:07.023650
QaeDWl8y,https://divar.ir/v/QaeDWl8y,ساینا S فول تکسوز /دوگانه GX موتور ارتقایافته ۱۴۰۵,۴ ماه پیش در تهران، صادقیه، خ ستارخان,tehran، sadeghiyeh,۰,0,۱۴۰۵ - ۲۰۲۶,سفید,ساینا GX,دنده‌ای,بنزین,"‏۱,۱۵۰,۰۰۰,۰۰۰ تومان",1150000000,سالم,سالم و پلمپ,سالم و پلمپ,سالم و بی‌خط و خش,سالم و پلمپ,"نمایندگی برتر کارا خودرو عضو رسمی اتحادیه خودرو
عاملیت مجاز محصولات سایپا_ایرانخودرو_ام وی ام
فونیکس_کرمان موتور_بهمن موتور
فروش نقدی کد ثبت انحصاری ۶۰۳۶۴۲

✅ ارتباط مستقیم با واحد فروش : خانم موسوی

✔امکان رویت و کارشناسی خودرو قبل از تسویه
✔به شرط کارشناسی 24 ساعته زیرنظر اتحادیه خودرو 
✔تحویل خودرو فوری با پلاک
✔طرح تعویض خودروی صفر و کارکرده‌
✔شامل ۸۰٪ تخفیف بیمه بدنه
✔گارانتی فعال شرکتی و بیمه شخص ثالث رایگان
✔معاف از پرداخت کارمزد_کیسیون_هزینه تنظیم سند
✔نصب هرگونه آپشن شرکتی توسط نمایندگی
✔تخفیف ویژه پای قرارداد 
✔موجود در رنگ بندی
✔با بیش از ۲۰ سال سابقه کاری درخشان

☑ جهت ثبت درخواست ترخیص خودرو حضورا مراجعه فرمایید.
صادقیه خیابان ستارخان بین چهارراه اسدی و چهارراه خسرو روبروی پاساژ مرجان پلاک ۶۱۹
تایم کاری شرکت : ۸ صبح الی ۱۹

در صورت عدم پاسخگویی حضورا مراجه فرمایید",2026-09-09T22:23:03.496105
gahKhf_h,https://divar.ir/v/gahKhf_h,ساینا s/صفر/۴۰۵/نقدواقساط,۱۰ ساعت پیش در تهران، تهرانپارس غربی، خ شهید صادقی,tehran، west-tehranpars,۰,0,۱۴۰۵ - ۲۰۲۶,سفید,ساینا دنده‌ای S,,بنزین,"‏۱,۴۹۰,۰۰۰,۰۰۰ تومان",1490000000,تعیین‌نشده,تعیین‌نشده,تعیین‌نشده,سالم و بی‌خط و خش,,"⚡ ⚡ شرکت بازرگانی ((( آرتان خودرو سپنتا ))) 

⚡⚡ شماره ثبت نمایندگی ((( 558995 ))) 

⚡ فروش نقد و اقساط انواع خودرو، ایران خودرو ، سایپا ، بهمن موتور،کرمان موتور و ...... 

⚡ تحویل خودرو به روز مستقیم از پارکینگ نمایندگی 

⚡ پیش پرداخت همزمان با تحویل خودرو 

⚡ امکان رویت و کارشناسی خودرو،قبل از پرداخت وجه 

⚡  اقساط از 8 ماه تا 20 ماه 

⚡ پرداخت اقساط فقط با چک صیادی بدون برگشت 

⚡بدون مراجعه به بانک، بدون ضامن (( کلیه مدارک خودرو بنام خریدار)) 

⚡ تمام خودرو ها دارای بیمه شخص ثالث و گارانتی میباشد 

⚡ شرایط برای تهران و شهرستان انجام می شود 

⚡ در صورت نداشتن چک امکان استفاده از چک دیگری هم به شرط داشتن گواهی امضا وجود دارد 

⚡ با ۷۰ درصد پیش پرداخت صاحب ماشین شوید 

⚡ تسویه بعد از رویت و کارشناسی خودرو

⚡ برای کسب اطلاعات بیشتر با مدیر فروش خود (( خانم  خاکساری))  از ساعت 9 تا 19 تماس حاصل فرمایید.
آدرس:
فلکه دوم تهرانپارس ،خیابان ناهیدی،کوچه صادقی،پلاک۲،طبقه۲،واحد۴",2026-09-09T22:24:04.208375
gah2wHhx,https://divar.ir/v/gah2wHhx,ساینا 98,۱۱ ساعت پیش در تهران، نیلوفر,tehran، niloufar,۱۳۲۰۰۰,132000,۱۳۹۸ - ۲۰۱۹,سفید,ساینا دنده‌ای EX,دنده‌ای,بنزین,"‏۸۲۰,۰۰۰,۰۰۰ تومان",820000000,سالم,ضربه‌خورده,سالم و پلمپ,رنگ‌شدگی در ۲ ناحیه,سالم و پلمپ,"کاپوت تعویض
دو گلگیر سمت چپ رنگ شدگی
قسمتی از گلگیر جلو لیسه شدگی
شاسی های عقب سالم
شاسی های جلو دارای آسیب دیدگی
سینی جلو خوردگی",2026-09-09T22:25:05.535848
gaRBueK1,https://divar.ir/v/gaRBueK1,ساینا s,۲ ماه پیش در تهران، آبشار,tehran، abshar,۰,0,۱۴۰۱ - ۲۰۲۲,سفید,ساینا GX,دنده‌ای,بنزین,"‏۱,۴۰۰,۰۰۰,۰۰۰ تومان",1400000000,سالم,سالم و پلمپ,سالم و پلمپ,سالم و بی‌خط و خش,,"ساینا دوگانه سوز  برج روز 
به صورت نقد و اقساط

*تحویل فوری و مستقیم از پارکینگ نمایندگی
 
*امکان رویت قبل از خرید

 کارشناس فروش : خانم تقی خانی 

⭐فروش اقساطی تمام خودروها 
✔️اقساط از(۱۲ماه تا ۴۸ماه) 
✔️اقساط هر سه ماه یکبار 
✔️اولین قسط سه ماه بعد از تحویل خودرو
✔️پیش پرداخت همزمان با تحویل خودرو
✔️بازدید و کارشناسی خودرو قبل از پرداخت وجه
✔️پلاک به نام شما
✔️اقساط ماشین های کارکرده مدل۹۷به بالا
برای اطلاعات بیشتر تماس بگیرید.",2026-09-09T22:26:05.145403
QaXv2z9J,https://divar.ir/v/QaXv2z9J,ساینا دنده‌ای S صفر خشک(تحویل فوری),۵ ماه پیش در تهران، صادقیه,tehran، sadeghiyeh,۰,0,۱۴۰۴ - ۲۰۲۵,سفید,ساینا دنده‌ای S,دنده‌ای,بنزین,"‏۱,۱۳۵,۰۰۰,۰۰۰ تومان",1135000000,سالم,سالم و پلمپ,سالم و پلمپ,سالم و بی‌خط و خش,,"میلاد خودرو غرب 

عضو رسمی اتحادیه صنف خودرو 

با کد ثبتی:(۶۰۹۲۴۴)

با ۱۵ سال سابقه درخشان در غرب تهران

نمایندگی فروش تمامی محصولات 

سایپا / پارس خودرو/ ایرانخودرو / کرمان خودرو / مدیران خودرو / بهمن خودرو و تمامیه (خودروهای مونتاژ)

☑️امکان خرید به صورت نقد و اقساط
☑️تحویل خودرو ۱ ساعته 
☑️امکان کارشناسی خودرو قبل از تسویه مبلغ 
☑️امکان نصب تمامی آپشن ها با گارانتی شرکتی
☑️تمامی خودروها دارای ۱ سال بیمه شخص ثالث و ۷۰٪ تخفیف بیمه بدنه میباشد

❌تخفیف ویژه پای معامله❌

☑️تنوع رنگ در تمامی خودروها
☑️سند آزاد، هزینه ی انتقال سند به عهده نمایندگی میباشد
☑️خرید خودرو خود را در میلاد خودرو بدون واسطه انجام دهید
☑️امکان خرید طلا،شمش،دلار/یورو به قیمت بازار

کارشناس فروش جهت راهنمایی
‍♀️خانم زارع",2026-09-09T22:26:15.554234
gahKw6l5,https://divar.ir/v/gahKw6l5,ساینا صفر تک سوز sbr,۱۲ ساعت پیش در تهران، بهداشت، خ بافان,tehran، behdasht,۰,0,۱۴۰۵ - ۲۰۲۶,سفید,ساینا دنده‌ای S,دنده‌ای,بنزین,"‏۱,۵۴۰,۰۰۰,۰۰۰ تومان",1540000000,سالم,سالم و پلمپ,سالم و پلمپ,سالم و بی‌خط و خش,سالم و پلمپ,"بنده مستاجر هستم دنبال خرید خانه هستم معاوضه ماشین با یک خانه تک واحدی یا دو واحدی در تهران   ۵۵ تا ۶۰ متری سند تک برگ طبقه ۱تا سوم همراه با پارکینگ انباری آسانسور اگه طبقه اول دوم بدون آسانسور بود مشکل نداره بقیه مبلغ خانه اگر پولم برسه سر میدم
توضیحات ماشین
یک عدد ساینا تک سوز صفر خشک خشک با قابلیت sbr همراه با زیرسینی شرکتی و ضبط شرکتی 
تحویل آخر مردادماه سند آماده تحویل تمام‌مدارکا موجوده  ماشین داخل پارکینگه اصلا بیرون‌نیومده 

خریدار واقعی زنگ بزنه به دلال نمیفروشم.
انشالله قسمت هرکی هست به خوبی خوشی ازش استفاده کنه
به خریدار واقعی تخفیف ویژه میدم.",2026-09-09T22:26:24.223187
gagqPU3T,https://divar.ir/v/gagqPU3T,ساینا S تک / دوگانه صفرو خشک 1405 تحویل درجا,۱۲ ساعت پیش در تهران، صادقیه، خ ستارخان,tehran، sadeghiyeh,۰,0,۱۴۰۵ - ۲۰۲۶,سفید,ساینا دنده‌ای S,دنده‌ای,بنزین,"‏۱,۲۵۰,۰۰۰,۰۰۰ تومان",1250000000,سالم,سالم و پلمپ,سالم و پلمپ,سالم و بی‌خط و خش,سالم و پلمپ,"اتوگالری مهدی با بیش از 15سال سابقه در زمینه فروش✅ 
✅فروش محصولات ایران خودرو پارس خودرو وسایپا✅  
✅تحویل فوری✅  
✅تحویل خودرو به روز ومستقیم از پارکینگ نمایندگی✅  
✅تسویه بعد از رویت وکارشناسی خودرو  سند تمامی خودروها آزاد میباشد✅  
✅فروش بدون واسطه✅  
✅24ساعت مهلت کارشناسی خودرو✅  
✅برای اخذ اطلاعات بیشتر باما تماس بگیرید✅

کارشناس فروش : خانم کیا✅",2026-09-09T22:27:17.950021
gaV6FfPW,https://divar.ir/v/gaV6FfPW,ساینا S دنده ای دوگانه سوز GX*تحویل یکساعته1405,هفته پیش در تهران، شهرآرا، خ ستارخان,tehran، sharara,۰,0,۱۴۰۵ - ۲۰۲۶,سفید,ساینا GXL دوگانه سوز,دنده‌ای,دوگانه‌سوز شرکتی,"‏۱,۰۰۰ تومان",1000,سالم,سالم و پلمپ,سالم و پلمپ,سالم و بی‌خط و خش,سالم و پلمپ,"✔️بدلیل نوسانات شدید قیمت خودرو برای استعلام قیمت تماس حاصل فرمایید باتشکر✔️

   ✔️تمام قیمت های اعلامی واقعی میباشد✔️
               ✔️فیک فروشی نداریم✔️

☑️ــ عاملیت مجاز فروش محصولات سایپا،ایرانخودرو و تمامی خودروهای موجود در بازار کشورــ☑️

✔️✔️✔️پرتو خودرو ملل✔️✔️✔️

 ✔️✔️کد ثبت نمایندگی:662520✔️✔️

✔️تمامی خودروها در رنگبندی موجود میباشد
✔️تمامی خودروها دارای گارانتی شرکتی می‌باشند
✔️تمامی خودروها داری بیمه شخص ثالث می‌باشند
✔️تحویل فوری یک ساعته
✔️بدون واسطه و دریافت کمیسیون
✔️10 سال سابقه در صنف خودرو
✔️امکان روئیت و تحویل خودرو قبل از پرداخت وجه️
✔️امکان معاوضه با خودرو های صفر و کارکرد
✔️امکان کارشناسی قبل از پرداخت وجه
✔️سند آزاد و هزینه انتقال سند به عهده نمایندگی میباشد✔️

⬇️ارتباط مسقیم و مشاوره کامل با کارشناسان فروش 
⬇️


خانم راد
ـ در صورت عدم پاسخگویی 
مسئولین فروش لطفا به صورت حضوری مراجعه فرمائید ـ

تهران،خیابان ستارخان،نبش خیابان باقرخان،جنب بانک پاسارگاد،پلاک197

شرکت پرتو خودرو ملل ثبت‌درگوگل مپ،نشان‌واسنپ

#با سپاس",2026-09-09T22:29:20.484422
gaaQb8pn,https://divar.ir/v/gaaQb8pn,ساینا دنده ای اس S مدل1405 صفرخشک تحویل به روز,۳ ماه پیش در تهران، شهرآرا، خ ستارخان,tehran، sharara,۰,0,۱۴۰۵ - ۲۰۲۶,سفید,ساینا دنده‌ای S,دنده‌ای,بنزین,"‏۱,۳۵۵,۰۰۰,۰۰۰ تومان",1355000000,سالم,سالم و پلمپ,سالم و پلمپ,سالم و بی‌خط و خش,سالم و پلمپ,"☑️ــ عاملیت مجاز فروش محصولات سایپا،ایرانخودرو و تمامی خودروهای موجود در بازار کشورــ☑️

✔️✔️✔️ایمن خودرو بنیان خاورمیانه✔️✔️✔️

 ✔️✔️✔️کد ثبت نمایندگی:516038✔️✔️✔️

✔️تحویل فوری یک ساعته
✔️بدون واسطه و دریافت کمیسیون
✔️دارای سابقه 10 سال در صنف خودرو
✔️مکان روئیت و تحویل خودرو قبل از پرداخت وجه️
✔️امکان معاوضه با خودرو های صفر و کارکرد
✔️امکان کارشناسی قبل از پرداخت وجه
✔️سند آزاد و هزینه انتقال سند به عهده نمایندگی میباشد✔️

آدرس : تهران،میدان توحید،ابتدای خیابان ستارخان،جنب مترو سلامت،طبقه بالای بانک کار آفرین،پلاک3،طبقه3،واحد5

⬇️ارتباط مسقیم و مشاوره کامل با کارشناسان فروش ⬇️

خانم :جاوید
ـ در صورت عدم پاسخگویی 
مسئولین فروش لطفا به صورت حضوری مراجعه فرمائید ـ

شرکت ایمن خودرو بنیان ثبت‌درگوگل مپ،نشان‌واسنپ

#با تشکر",2026-09-09T22:30:26.235342
gaXGtEFP,https://divar.ir/v/gaXGtEFP,ساینا اقساط بانکی/تحویل فوری,هفته پیش در تهران، میرداماد، خ شاه نظری,tehran، mirdamad,۰,0,۱۴۰۵ - ۲۰۲۶,سفید,ساینا دنده‌ای S,دنده‌ای,بنزین,"‏۵۰۰,۰۰۰,۰۰۰ تومان",500000000,سالم,سالم و پلمپ,سالم و پلمپ,سالم و بی‌خط و خش,سالم و پلمپ,"""رازان خودرو ""
شماره ثبت:674264
کارگزار رسمی بانک
⭐️با ۱۸سال سابقه در زمینه فروش اقساطی⭐️
✅نقد و اقساط صفر و کارکرده مدل ۹۸ به بالا
✅اقساط از 1 سال تا 5 سال
✅سود بانکی
✅ تحویل فوری همزمان با واریز پیش پرداخت
✅کلیه اسناد به نام خریدار
✅پرداخت هر سه ماه
✅امکان تسویه زودتر از موعد با کسر سود
✅امکان کارشناسی
✅️ امکان استفاده از چک دیگران در صورت نداشتن دسته چک
✅بدون کارمزد و ورودی و هرگونه هزینه جانبی دیگر
✅کلیه خودروها دارای گارانتی و بیمه میباشد.
(( امکان بهره مندی وام روی خودرو شما ))
برای کارشناسی و مشاوره با کارشناسان ما تماس بگیرید.
کارشناس فر‌وش:خانم هاشمی
✔️آدرس:تهران .میرداماد میدان مادر خیابان شاه نظری برج ناهید طبقه ۵ واحد۵
کوییک پرایدوانت نیسان آریسان2 پژو207 وانت مزدا پارس هایما لاماری فیدیلیتی دیگینیتی ساینا تیبا سهند اطلس شاهین اکسند چانگان کارون سمند سورن دنا تارا پیکاپ فوتون نیسان اکستند",2026-09-09T22:31:33.609581
Qa5vPvs2,https://divar.ir/v/Qa5vPvs2,ساینا GX S (نقد و اقساط سود بانکی تحویل آنی),۴ ماه پیش در تهران، جمال‌زاده,tehran، jamalzadeh,۰,0,۱۴۰۵ - ۲۰۲۶,سفید,ساینا GX,دنده‌ای,دوگانه‌سوز شرکتی,"‏۷۰۰,۰۰۰,۰۰۰ تومان",700000000,سالم,سالم و پلمپ,سالم و پلمپ,سالم و بی‌خط و خش,سالم و پلمپ,"◻️آکام خودرو◻️
کارگزار رسمی بانک
▫️کد 589389▫️

☑️فروش خودرو به صورت نقد و اقساط با سود بانک مرکزی

☑️امکان واریز پیش پرداخت در سه مرحله 

☑️پیش پرداخت همزمان با تحویل خودرو 

☑️امکان بازدید و کارشناسی خودرو قبل از واریز پیش پرداخت

☑️سند خودرو شش دانگ به نام متقاضی و در رهن بانک

☑️بازپرداخت از 12ماه تا 48ماه با امکان تسویه زودتر از موعد با کسر سود

☑️اقساط هر سه ماه با چک صیادی در وجه بانک

☑️برای مشاوره و راهنمایی دقیق تر با کارشناسان مجموعه در ارتباط باشید

■ آدرس نمایشگاه: تهران _ خیابان جمهوری تقاطع خیابان جمال زاده،پلاک ۱۱۵۱ _ اتو‌گالری صادقی

امکان جستجو آکام خودرو در گوگل مپ ، نشان و بلد",2026-09-09T22:32:38.764803
gabWcGjr,https://divar.ir/v/gabWcGjr,ساینا دنده ای S ساینا دوگانه صفر خشک,۴ روز پیش در تهران، شهرآرا، ستارخان,tehran، sharara,۰,0,۱۴۰۵ - ۲۰۲۶,سفید,ساینا دنده‌ای S,دنده‌ای,بنزین,"‏۱,۳۰۰,۰۰۰,۰۰۰ تومان",1300000000,سالم,سالم و پلمپ,سالم و پلمپ,سالم و بی‌خط و خش,سالم و پلمپ,"مارال خودرو ( کد رسمی نمایندگی / 558512 ) نمایندگی رسمی و برتر فروش خودروهای صفر داخلی و خارجی.
 ✅چندین سال سابقه ی فروش درخشان در کشور ✅فروش بصورت نقدی و تحویل فوری
 ✅ نمایندگی فروش محصولات ایران خودرو ٫ سایپا ٫ مدیران خودرو ٫ گروه بهمن و …
 ✅ امکان رویت و کارشناسی قبل از تسویه مبلغ خودرو 
 ✅ تنوع در انتخاب رنگ
 ✅یکسال بیمه رایگان و ۸۰ درصد تخیف بیمه بدنه 
✅ تمامی خودروها بصورت سفارش مدیران موجود میباشد
 ✅ ترخیص خودرو در کمتر از یک ساعت و تحویل در نمایندگی یا درب منزل مشتری با کفی خودرو بر 
✅جهت استعلام و خرید با کارشناس های فروش تماس حاصل فرمایید. 
✅ در صورت عدم پاسخگویی بصورت حضوری مراجعه فرمائید.  
 
کارشناس فروش خانـم توکلی

  ( با تشکر از اعتماد و انتخاب شما از مجموعه مـارال خـودرو)",2026-09-09T22:33:42.979977
gandMyfe,https://divar.ir/v/gandMyfe,سایناs/تحویل روز نمایندگی/فول شرکتی,ماه پیش در تهران، صادقیه، خ ستارخان,tehran، sadeghiyeh,۰,0,۱۴۰۵ - ۲۰۲۶,سفید,ساینا دنده‌ای S,دنده‌ای,بنزین,"‏۱,۰۴۰,۰۰۰,۰۰۰ تومان",1040000000,سالم,سالم و پلمپ,سالم و پلمپ,سالم و بی‌خط و خش,سالم و پلمپ,"****تیام خودروپاسارگاد****
""عضو رسمی اتحادیه""
کد انحصاری 556413
《فروش محصولات ایران خودرو،سایپا،پارس خودرو،بهمن موتور،مدیران،کرمان موتور و ...》
●○کارشناس فروش: خانم زارعی○●
✔️۳شعبه فعال در غرب تهران✔️
✅ضمانت سلامت برگ کارشناسی pds
✅تحویل فقط به صورت نقدی و فوری
✅ سند آزاد ،قابل انتقال ، صفر خشک
✅حق کارشناسی تمامی تجهیزات خودرو قبل از تحویل و تسویه
✅️ 24 ساعت مهلت کارشناسی خودرو
✅️ بدون هزینه اضافی
✅تنوع رنگ ها در تمامی خودرو ها
✅امکان نصب کلیه آپشن های آپکویی با گارانتی ۲ ساله
✅امکان عقد قرارداد با کلیه ارگان ها و شرکت های دولتی و خصوصی به صورت تک و تعداد با نازل ترین قیمت
✅تخفیف ویژه پای قرارداد
✅خرید مستقیم بدون واسطه

⤵️برای کسب اطلاعات بیشتر با کارشناسان ما در ارتباط باشید

☎️ خانم مالکی☎️ 
تهران،ستارخان،بین چهارراه خسرو و پل یادگار،
پلاک 900
{تیام خودرو پاسارگاد}",2026-09-09T22:35:15.345445
gadKwFLB,https://divar.ir/v/gadKwFLB,ساینا دوگانه و S,۳ روز پیش در تهران، صادقیه، خ ستارخان,tehran، sadeghiyeh,۰,0,۱۴۰۵ - ۲۰۲۶,سفید,ساینا GXL دوگانه سوز,دنده‌ای,دوگانه‌سوز شرکتی,"‏۱,۱۹۰,۰۰۰,۰۰۰ تومان",1190000000,سالم,سالم و پلمپ,سالم و پلمپ,سالم و بی‌خط و خش,سالم و پلمپ,"⭐ ● DIACO KHODRO ● ⭐
 ⚪⚪عاملیت فروش دیـاکو خـودرو⚪⚪
امنیت در خرید ، فوریت در تحویل

⚫️تحویـل آنی# همان لحظــه
⚫️با بیش از ۱۰ سال ســابقـه درخشان
⚫️فروش بدون واسطه، بدون هزینه اضافی ↘️↘️↘️••
⚫️امکان رویت و تحویل خودرو قبل از پرداخت وجه✔
⚫️۲۴ ساعت مهلت کارشناسی خودرو
⚫️سند آزاد و هزینه تنظیم سند به عهده نمایندگی میباشد
((ساعت کاری ۸:۳۰ صبح الی ۱۸ عصر))
__________________________________________
⬇️⬇️ارتباطِ مستقیم و مشاوره با کارشناسان فروش⬇️⬇️
درصورت عدم پاسخ‌گویی مسئولین فروش
بصورت حضوری مراجعه فرمایید، تشکر
__________________________________________
کارشناس فروش: خانم محتشم",2026-09-09T22:36:21.979770
gagivuAD,https://divar.ir/v/gagivuAD,سایناS دنده ای 1403//فقط اقساط(وام ران خودرو),۱۲ ساعت پیش در تهران، تهرانپارس جنوبی، خ امیری طائمه,tehran، tehran-pars,۱۷۰۰۰,17000,۱۴۰۳ - ۲۰۲۴,سفید,ساینا دنده‌ای S,دنده‌ای,بنزین,"‏۶۰۰,۰۰۰,۰۰۰ تومان",600000000,سالم,سالم و پلمپ,سالم و پلمپ,سالم و بی‌خط و خش,سالم و پلمپ,"تمامی مدل های ساینا s موجود میباشد(صفر و کارکرده)

//مبلغ پایه در اگهی پیش پرداخت میباشد//

✅پیش پرداخت 50% تا 60% مبلغ خودرو
✅پرداخت مبلغ روی سند ماشین خودتان
✅اقساط 6 تا 24 ماه با چک هر ۲ماه یکبار
✅بدون ورودی و خروجی مالیات
✅ تحویل فوری همزمان با پیش پرداخت
✅ پلاک خودرو به نام خریدار
✅ امکان تسویه زودتر از موعد 

حتی شما عزیزان میتونید ماشین دلخاهتنو به ما معرفی کنید تا ما واستون شرایط اقساط کنیم.

ساعت کار مجموعه:
شنبه تا چهارشنبه: 10:30 الی 18:00
پنجشنبه: 14:00",2026-09-09T22:37:26.137682
gaVVOAdA,https://divar.ir/v/gaVVOAdA,ساینا GX جی ایکس دوگانه سوز CNG صفرخشک تحویل روز,ماه پیش در تهران، شهرآرا,tehran، sharara,۰,0,۱۴۰۵ - ۲۰۲۶,سفید,ساینا GX,دنده‌ای,بنزین,"‏۱,۴۷۵,۰۰۰,۰۰۰ تومان",1475000000,سالم,سالم و پلمپ,سالم و پلمپ,سالم و بی‌خط و خش,سالم و پلمپ,"✅️عاملیت مجاز فروش محصولات سایپا،ایران خودرو و تمامی خودرو های موجود در بازار کشور✅️

*ایمن خودرو بنیان خاورمیانه*
     ‌‌ ‌ ‌ ‌***کد ثبت نمایندگی 516038***

✅️تحویل فوری یک ساعته
✅️بدون واسطه و دریافت کمیسیون
✅دارای سابقه ۱۰ سال در صنف خودرو
✅️امکان روئیت و تحویل خودرو قبل از پرداخت وجه
✅️امکان معاوضه با خودرو های صفر و کارکرده
✅️امکان کارشناسی قبل از پرداخت وجه
✅️سند ازاد و هزینه انتقال سند به عهده نمایندگی میباشد

ادرس: تهران،میدان توحید،ابتدای خیابان ستارخان،جنب مترو سلامت،طبقه بالای بانک کار افرین،پلاک3،طبقه3،واحد5

✅️ارتباط مستقیم و مشاوره کامل با کارشناسان فروش✅️
خانم جاوید

شرکت ایمن خودرو بنیان ثبت‌درگوگل مپ،نشان‌واسنپ

#با تشکر",2026-09-09T22:39:00.565552
AaaifXAX,https://divar.ir/v/AaaifXAX,ساینا اس S تکسوز / دوگانه GX / اتومات صفر فول 1405,سال پیش در تهران، تهرانسر شرقی,tehran، tehransar,۰,0,۱۴۰۵ - ۲۰۲۶,سفید,ساینا GX,دنده‌ای,بنزین,"‏۱,۰۰۰ تومان",1000,سالم,سالم و پلمپ,سالم و پلمپ,سالم و بی‌خط و خش,سالم و پلمپ,"کارشناس فروش :
☎️ خانم فـراز ☎️

⚜️ صـداقـت مـا اعـتبـار مـاسـت ⚜️
لطفاً توجه بفرمایید قیمت اعلامی ما به شما قطعی و واقعی می باشد و در مجموعه ما به هیچ عنوان برای جذب مشتری مانند دفاتر (ستارخان ، صادقیه ، توحید و..) قیمـت کاذب داده نـمیشـود.

◀️ امکان رویت و کارشناسی خودرو قبل از تسویه ▶️ 
◀️ تحویل خودرو آنی و مستقیم از اداره تحویل
◀️ هنگام خرید هیچگونه تغییر قیمت نخواهید داشت بدون هزینه های جانبی اعم از کمیسیون ، مالیات ، عوارض و..

⬇️ خودروی فوق دارای آپشن‌های شرکتی زیر میباشد :

⭐ استاندارد 85 گانه ، ESP ، موتور ارتقا یافته
⭐ نسخه اتومات با رینگ اسپرت و کروز کنترل
⭐ فرمون D ، صفحه کیلومتر جدید
⭐ قفل مرکزی با ریموت کنترل ، صندوق پران
⭐ 4 شیشه و آینه های جانبی برقی
⭐ سوییچ تاشو ، سنسور دنده عقب
  (day light) و (auto light) ⭐

✅ فروش نقدی ، صفر خشک ، سند آزاد
✅ یکسال بیمه شخص ثالث
✅ 3 سال گارانتی تا 60 هزار کیلومتر 
✅ یکسال بیمه بدنه با 70% تخفیف

⬇️ ساعت تماس :9 صبح الی 21
☎️ ( خانم فـراز ) ☎️
آدرس : تهرانسر شرقی _ سر ۶۵ متری فتح _ ابتدای ورودی پارکینگ گلها _ سمت چپ { سریر خودرو }",2026-09-09T22:40:03.296257
